,Hour,Energy Demand,Water Demand,Factor Wind,Wind Output,Wind Usage,Wind Over,Factor PV,PV Output,PV Usage,PV Over,Dam Output,Storage,Turbine Water,River,Valve,Water Balance,Installed Wind,Installed PV
0,0,7.59,3642.03,0.07,4.1,4.1,0.0,0.0,0.0,0.0,0.0,3.49,2968164.69,71721.7,76471.57,0.0,1107.84,56.85,51.64
1,1,7.84,2601.45,0.14,7.86,7.84,0.02,0.0,0.0,0.0,0.0,0.0,3042011.69,0.0,76448.45,0.0,73847.0,56.85,51.64
2,2,8.46,1977.1,0.08,4.53,4.53,0.0,0.0,0.0,0.0,0.0,3.94,3035560.55,80899.36,76425.32,0.0,-6451.14,56.85,51.64
3,3,9.46,1560.87,0.03,1.7,0.0,1.7,0.0,0.0,0.0,0.0,9.46,2916058.36,194343.51,76402.2,0.0,-119502.19,56.85,51.64
4,4,10.58,1977.1,0.03,1.43,0.0,1.43,0.0,0.0,0.0,0.0,10.58,2773101.91,217358.42,76379.07,0.0,-142956.45,56.85,51.64
5,5,11.33,3017.68,0.03,1.7,0.0,1.7,0.0,0.0,0.0,0.0,11.33,2613739.82,232700.35,76355.94,0.0,-159362.09,56.85,51.64
6,6,11.7,5775.22,0.03,1.97,0.0,1.97,0.13,6.58,6.58,0.0,5.12,2579156.01,105141.4,76332.82,0.0,-34583.8,56.85,51.64
7,7,12.2,7180.01,0.06,3.34,0.0,3.34,0.25,13.05,12.2,0.86,0.0,2648285.7,0.0,76309.69,0.0,69129.68,56.85,51.64
8,8,11.82,7544.21,0.09,4.95,0.0,4.95,0.36,18.6,11.82,6.78,0.0,2717028.05,0.0,76286.56,0.0,68742.35,56.85,51.64
9,9,11.7,7023.92,0.16,9.0,9.0,0.0,0.44,22.65,2.7,19.96,0.0,2786267.57,0.0,76263.44,0.0,69239.52,56.85,51.64
10,10,11.7,5983.34,0.28,16.07,0.0,16.07,0.48,24.59,11.7,12.89,0.0,2856524.54,0.0,76240.31,0.0,70256.97,56.85,51.64
11,11,12.57,5358.99,0.47,26.85,12.57,14.28,0.47,24.45,0.0,24.45,0.0,2927382.74,0.0,76217.18,0.0,70858.19,56.85,51.64
12,12,12.2,5150.87,0.6,33.87,0.0,33.87,0.43,22.22,12.2,10.02,0.0,2998425.92,0.0,76194.06,0.0,71043.18,56.85,51.64
13,13,11.33,5098.84,0.57,32.65,11.33,21.33,0.35,18.09,0.0,18.09,0.0,3069498.01,0.0,76170.93,0.0,71072.09,56.85,51.64
14,14,11.2,5046.82,0.38,21.57,11.2,10.37,0.24,12.43,0.0,12.43,0.0,3140599.0,0.0,76147.8,0.0,71100.99,56.85,51.64
15,15,11.2,4994.79,0.17,9.63,9.63,0.0,0.11,5.82,1.57,4.25,0.0,3211728.89,0.0,76124.68,0.0,71129.89,56.85,51.64
16,16,12.32,5463.05,0.08,4.53,4.53,0.0,0.01,0.52,0.0,0.52,7.8,3122197.43,160169.96,76101.55,0.0,-89531.46,56.85,51.64
17,17,13.44,6243.48,0.07,4.1,4.1,0.0,0.0,0.0,0.0,0.0,9.34,3000124.11,191908.26,76078.42,0.0,-122073.32,56.85,51.64
18,18,14.81,7284.06,0.06,3.34,0.0,3.34,0.0,0.0,0.0,0.0,14.81,2764593.97,304301.38,76055.3,0.0,-235530.15,56.85,51.64
19,19,14.31,7700.3,0.07,4.1,4.1,0.0,0.0,0.0,0.0,0.0,10.21,2623118.33,209807.52,76032.17,0.0,-141475.64,56.85,51.64
20,20,13.19,7388.12,0.1,5.8,0.0,5.8,0.0,0.0,0.0,0.0,13.19,2420681.06,271058.19,76009.05,0.0,-202437.26,56.85,51.64
21,21,11.82,6763.77,0.12,6.83,6.83,0.0,0.0,0.0,0.0,0.0,4.99,2387310.69,102592.52,75985.92,0.0,-33370.38,56.85,51.64
22,22,10.7,5723.19,0.11,6.31,6.31,0.0,0.0,0.0,0.0,0.0,4.39,2367380.19,90170.1,75962.79,0.0,-19930.5,56.85,51.64
23,23,7.97,4162.32,0.09,5.37,5.37,0.0,0.0,0.0,0.0,0.0,2.59,2385931.65,53225.88,75939.67,0.0,18551.46,56.85,51.64
24,24,7.72,3642.03,0.03,1.97,0.0,1.97,0.0,0.0,0.0,0.0,7.72,2299662.76,158543.4,75916.54,0.0,-86268.89,56.85,51.64
25,25,7.59,2601.45,0.0,0.0,0.0,0.0,0.0,0.0,0.0,0.0,7.59,2216968.45,155986.27,75893.41,0.0,-82694.31,56.85,51.64
26,26,7.59,1977.1,0.0,0.0,0.0,0.0,0.0,0.0,0.0,0.0,7.59,2134875.36,155986.27,75870.29,0.0,-82093.09,56.85,51.64
27,27,7.97,1560.87,0.0,0.0,0.0,0.0,0.0,0.0,0.0,0.0,7.97,2045504.01,163657.64,75847.16,0.0,-89371.35,56.85,51.64
28,28,8.71,1977.1,0.0,0.0,0.0,0.0,0.0,0.0,0.0,0.0,8.71,1940350.36,179000.58,75824.03,0.0,-105153.65,56.85,51.64
29,29,9.71,3017.68,0.0,0.0,0.0,0.0,0.02,0.82,0.0,0.82,9.71,1813675.82,199457.76,75800.91,0.0,-126674.53,56.85,51.64
30,30,10.83,5775.22,0.0,0.0,0.0,0.0,0.12,6.45,6.45,0.0,4.38,1793642.22,90036.17,75777.78,0.0,-20033.61,56.85,51.64
31,31,11.7,7180.01,0.02,1.16,0.0,1.16,0.25,12.86,11.7,1.17,0.0,1862216.86,0.0,75754.65,0.0,68574.65,56.85,51.64
32,32,11.95,7544.21,0.04,2.31,0.0,2.31,0.36,18.36,11.95,6.41,0.0,1930404.18,0.0,75731.53,0.0,68187.32,56.85,51.64
33,33,12.32,7023.92,0.09,4.95,0.0,4.95,0.44,22.6,12.32,10.28,0.0,1999088.67,0.0,75708.4,0.0,68684.48,56.85,51.64
34,34,11.95,5983.34,0.2,11.5,11.5,0.0,0.48,24.53,0.0,24.53,0.44,2059664.99,9125.61,75685.27,0.0,60576.33,56.85,51.64
35,35,11.7,5358.99,0.33,18.69,0.0,18.69,0.47,24.37,11.7,12.67,0.0,2129968.15,0.0,75662.15,0.0,70303.16,56.85,51.64
36,36,12.32,5150.87,0.45,25.72,0.0,25.72,0.43,22.14,12.32,9.82,0.0,2200456.3,0.0,75639.02,0.0,70488.15,56.85,51.64
37,37,12.69,5098.84,0.6,33.87,0.0,33.87,0.35,17.98,12.69,5.28,0.0,2270973.35,0.0,75615.89,0.0,70517.05,56.85,51.64
38,38,12.07,5046.82,0.64,36.29,0.0,36.29,0.23,12.1,12.07,0.03,0.0,2341519.3,0.0,75592.77,0.0,70545.95,56.85,51.64
39,39,11.08,4994.79,0.51,29.1,11.08,18.03,0.11,5.47,0.0,5.47,0.0,2412094.16,0.0,75569.64,0.0,70574.86,56.85,51.64
40,40,12.45,5463.05,0.34,19.56,12.45,7.11,0.01,0.49,0.0,0.49,0.0,2482177.63,0.0,75546.52,0.0,70083.47,56.85,51.64
41,41,14.69,6243.48,0.27,15.2,14.69,0.51,0.0,0.0,0.0,0.0,0.0,2551457.53,0.0,75523.39,0.0,69279.91,56.85,51.64
42,42,14.19,7284.06,0.25,14.46,14.19,0.27,0.0,0.0,0.0,0.0,0.0,2619673.73,0.0,75500.26,0.0,68216.2,56.85,51.64
43,43,13.44,7700.3,0.24,13.72,13.44,0.28,0.0,0.0,0.0,0.0,0.0,2687450.57,0.0,75477.14,0.0,67776.84,56.85,51.64
44,44,11.7,7388.12,0.24,13.72,11.7,2.02,0.0,0.0,0.0,0.0,0.0,2755516.46,0.0,75454.01,0.0,68065.89,56.85,51.64
45,45,10.58,6763.77,0.24,13.72,0.0,13.72,0.0,0.0,0.0,0.0,10.58,2606825.16,217358.42,75430.88,0.0,-148691.3,56.85,51.64
46,46,9.46,5723.19,0.23,12.98,9.46,3.52,0.0,0.0,0.0,0.0,0.0,2676509.72,0.0,75407.76,0.0,69684.56,56.85,51.64
47,47,7.97,4162.32,0.22,12.24,7.97,4.28,0.0,0.0,0.0,0.0,0.0,2747732.03,0.0,75384.63,0.0,71222.31,56.85,51.64
48,48,7.84,3642.03,0.05,2.65,0.0,2.65,0.0,0.0,0.0,0.0,7.84,2658350.98,161100.52,75361.5,0.0,-89381.05,56.85,51.64
49,49,7.97,2601.45,0.0,0.0,0.0,0.0,0.0,0.0,0.0,0.0,7.97,2567430.27,163657.64,75338.38,0.0,-90920.72,56.85,51.64
50,50,7.97,1977.1,0.0,0.0,0.0,0.0,0.0,0.0,0.0,0.0,7.97,2477110.77,163657.64,75315.25,0.0,-90319.49,56.85,51.64
51,51,8.34,1560.87,0.0,0.0,0.0,0.0,0.0,0.0,0.0,0.0,8.34,2379513.02,171329.01,75292.12,0.0,-97597.76,56.85,51.64
52,52,8.84,1977.1,0.0,0.0,0.0,0.0,0.0,0.0,0.0,0.0,8.84,2271247.21,181557.7,75269.0,0.0,-108265.81,56.85,51.64
53,53,9.33,3017.68,0.0,0.0,0.0,0.0,0.02,0.84,0.0,0.84,9.33,2151689.01,191786.39,75245.87,0.0,-119558.2,56.85,51.64
54,54,9.96,5775.22,0.03,1.97,1.97,0.0,0.13,6.5,6.5,0.0,1.49,2190616.07,30520.46,75222.74,0.0,38927.06,56.85,51.64
55,55,11.2,7180.01,0.08,4.53,0.0,4.53,0.25,13.0,11.2,1.8,0.0,2258635.68,0.0,75199.62,0.0,68019.61,56.85,51.64
56,56,12.2,7544.21,0.15,8.38,0.0,8.38,0.36,18.52,12.2,6.32,0.0,2326267.97,0.0,75176.49,0.0,67632.28,56.85,51.64
57,57,12.57,7023.92,0.24,13.72,12.57,1.15,0.44,22.68,0.0,22.68,0.0,2394397.41,0.0,75153.37,0.0,68129.45,56.85,51.64
58,58,11.95,5983.34,0.41,23.59,0.0,23.59,0.48,24.69,11.95,12.75,0.0,2463544.31,0.0,75130.24,0.0,69146.9,56.85,51.64
59,59,12.45,5358.99,0.64,36.29,0.0,36.29,0.48,24.56,12.45,12.11,0.0,2533292.44,0.0,75107.11,0.0,69748.12,56.85,51.64
60,60,12.82,5150.87,0.79,44.79,0.0,44.79,0.43,22.33,12.82,9.51,0.0,2603225.55,0.0,75083.99,0.0,69933.11,56.85,51.64
61,61,12.57,5098.84,0.71,40.1,0.0,40.1,0.35,18.22,12.57,5.65,0.0,2673187.56,0.0,75060.86,0.0,69962.02,56.85,51.64
62,62,12.32,5046.82,0.43,24.6,12.32,12.28,0.24,12.54,0.0,12.54,0.0,2743178.48,0.0,75037.73,0.0,69990.92,56.85,51.64
63,63,11.33,4994.79,0.23,12.98,11.33,1.66,0.12,5.96,0.0,5.96,0.0,2813198.3,0.0,75014.61,0.0,70019.82,56.85,51.64
64,64,12.45,5463.05,0.22,12.24,12.24,0.0,0.01,0.54,0.0,0.54,0.2,2878560.15,4166.59,74991.48,0.0,65361.85,56.85,51.64
65,65,14.06,6243.48,0.28,16.07,0.0,16.07,0.0,0.0,0.0,0.0,14.06,2658327.57,288957.45,74968.35,0.0,-220232.58,56.85,51.64
66,66,14.56,7284.06,0.34,19.56,14.56,5.0,0.0,0.0,0.0,0.0,0.0,2725988.74,0.0,74945.23,0.0,67661.16,56.85,51.64
67,67,13.07,7700.3,0.31,17.81,13.07,4.75,0.0,0.0,0.0,0.0,0.0,2793210.54,0.0,74922.1,0.0,67221.81,56.85,51.64
68,68,11.82,7388.12,0.23,12.98,11.82,1.16,0.0,0.0,0.0,0.0,0.0,2860721.39,0.0,74898.97,0.0,67510.85,56.85,51.64
69,69,10.7,6763.77,0.18,10.25,10.25,0.0,0.0,0.0,0.0,0.0,0.45,2919579.17,9254.3,74875.85,0.0,58857.77,56.85,51.64
70,70,9.33,5723.19,0.16,9.0,9.0,0.0,0.0,0.0,0.0,0.0,0.33,2981883.83,6824.87,74852.72,0.0,62304.66,56.85,51.64
71,71,8.21,4162.32,0.15,8.38,8.21,0.16,0.0,0.0,0.0,0.0,0.0,3052551.1,0.0,74829.59,0.0,70667.27,56.85,51.64
72,72,8.09,3642.03,0.07,4.1,0.0,4.1,0.0,0.0,0.0,0.0,8.09,2957500.77,166214.76,74806.47,0.0,-95050.33,56.85,51.64
73,73,7.97,2601.45,0.09,5.37,0.0,5.37,0.0,0.0,0.0,0.0,7.97,2866025.02,163657.64,74783.34,0.0,-91475.75,56.85,51.64
74,74,8.09,1977.1,0.03,1.7,0.0,1.7,0.0,0.0,0.0,0.0,8.09,2772593.37,166214.76,74760.22,0.0,-93431.65,56.85,51.64
75,75,8.21,1560.87,0.0,0.0,0.0,0.0,0.0,0.0,0.0,0.0,8.21,2676997.7,168771.89,74737.09,0.0,-95595.67,56.85,51.64
76,76,8.84,1977.1,0.0,0.0,0.0,0.0,0.0,0.0,0.0,0.0,8.84,2568176.85,181557.7,74713.96,0.0,-108820.84,56.85,51.64
77,77,9.33,3017.68,0.0,0.0,0.0,0.0,0.02,0.87,0.0,0.87,9.33,2448063.62,191786.39,74690.84,0.0,-120113.24,56.85,51.64
78,78,10.33,5775.22,0.03,1.97,1.97,0.0,0.13,6.53,6.53,0.0,1.83,2479322.48,37633.62,74667.71,0.0,31258.86,56.85,51.64
79,79,11.45,7180.01,0.09,4.95,0.0,4.95,0.25,13.0,11.45,1.55,0.0,2546787.06,0.0,74644.58,0.0,67464.58,56.85,51.64
80,80,12.45,7544.21,0.16,9.0,0.0,9.0,0.36,18.49,12.45,6.05,0.0,2613864.31,0.0,74621.46,0.0,67077.25,56.85,51.64
81,81,12.69,7023.92,0.3,16.94,0.0,16.94,0.44,22.76,12.69,10.07,0.0,2681438.72,0.0,74598.33,0.0,67574.41,56.85,51.64
82,82,12.2,5983.34,0.55,31.44,0.0,31.44,0.48,24.67,12.2,12.47,0.0,2750030.58,0.0,74575.2,0.0,68591.87,56.85,51.64
83,83,11.95,5358.99,0.81,45.86,0.0,45.86,0.47,24.48,11.95,12.53,0.0,2819223.67,0.0,74552.08,0.0,69193.09,56.85,51.64
84,84,12.94,5150.87,0.83,46.93,0.0,46.93,0.43,22.19,12.94,9.25,0.0,2888601.75,0.0,74528.95,0.0,69378.08,56.85,51.64
85,85,12.69,5098.84,0.57,32.65,12.69,19.96,0.35,18.03,0.0,18.03,0.0,2958008.73,0.0,74505.82,0.0,69406.98,56.85,51.64
86,86,12.2,5046.82,0.38,21.57,12.2,9.38,0.24,12.35,0.0,12.35,0.0,3027444.61,0.0,74482.7,0.0,69435.88,56.85,51.64
87,87,11.7,4994.79,0.28,16.07,11.7,4.37,0.11,5.74,0.0,5.74,0.0,3096909.39,0.0,74459.57,0.0,69464.78,56.85,51.64
88,88,12.82,5463.05,0.27,15.2,12.82,2.38,0.01,0.54,0.0,0.54,0.0,3165882.79,0.0,74436.44,0.0,68973.4,56.85,51.64
89,89,14.69,6243.48,0.31,17.81,14.69,3.13,0.0,0.0,0.0,0.0,0.0,3234052.63,0.0,74413.32,0.0,68169.84,56.85,51.64
90,90,14.31,7284.06,0.23,12.98,12.98,0.0,0.0,0.0,0.0,0.0,1.33,3273820.64,27338.11,74390.19,0.0,39768.02,56.85,51.64
91,91,13.57,7700.3,0.14,7.86,7.86,0.0,0.0,0.0,0.0,0.0,5.7,3223277.34,117210.07,74367.06,0.0,-50543.31,56.85,51.64
92,92,12.45,7388.12,0.09,5.37,0.0,5.37,0.0,0.0,0.0,0.0,12.45,3034518.9,255714.25,74343.94,0.0,-188758.44,56.85,51.64
93,93,11.33,6763.77,0.07,4.1,4.1,0.0,0.0,0.0,0.0,0.0,7.22,2953640.16,148435.78,74320.81,0.0,-80878.74,56.85,51.64
94,94,9.21,5723.19,0.08,4.53,0.0,4.53,0.0,0.0,0.0,0.0,9.21,2832985.59,189229.07,74297.69,0.0,-120654.57,56.85,51.64
95,95,8.71,4162.32,0.06,3.34,0.0,3.34,0.0,0.0,0.0,0.0,8.71,2724097.25,179000.58,74274.56,0.0,-108888.34,56.85,51.64
96,96,8.09,3642.03,0.07,4.1,4.1,0.0,0.0,0.0,0.0,0.0,3.99,2712756.46,81950.19,74251.43,0.0,-11340.79,56.85,51.64
97,97,8.09,2601.45,0.15,8.38,8.09,0.29,0.0,0.0,0.0,0.0,0.0,2784383.31,0.0,74228.31,0.0,71626.85,56.85,51.64
98,98,7.97,1977.1,0.08,4.53,4.53,0.0,0.0,0.0,0.0,0.0,3.44,2785940.72,70670.67,74205.18,0.0,1557.4,56.85,51.64
99,99,8.21,1560.87,0.03,1.43,0.0,1.43,0.0,0.0,0.0,0.0,8.21,2689790.01,168771.89,74182.05,0.0,-96150.71,56.85,51.64
100,100,8.46,1977.1,0.0,0.0,0.0,0.0,0.0,0.0,0.0,0.0,8.46,2588085.5,173886.33,74158.93,0.0,-101704.51,56.85,51.64
101,101,9.58,3017.68,0.0,0.0,0.0,0.0,0.02,0.9,0.0,0.9,9.58,2462302.99,196900.64,74135.8,0.0,-125782.52,56.85,51.64
102,102,9.96,5775.22,0.0,0.0,0.0,0.0,0.13,6.77,6.77,0.0,3.18,2465211.19,65429.25,74112.67,0.0,2908.21,56.85,51.64
103,103,11.2,7180.01,0.0,0.0,0.0,0.0,0.26,13.27,11.2,2.07,0.0,2532120.73,0.0,74089.55,0.0,66909.54,56.85,51.64
104,104,12.32,7544.21,0.02,1.16,0.0,1.16,0.36,18.82,12.32,6.5,0.0,2598642.95,0.0,74066.42,0.0,66522.21,56.85,51.64
105,105,12.69,7023.92,0.09,4.95,0.0,4.95,0.44,22.6,12.69,9.91,0.0,2665662.32,0.0,74043.29,0.0,67019.38,56.85,51.64
106,106,12.94,5983.34,0.23,12.98,0.0,12.98,0.48,24.53,12.94,11.59,0.0,2733699.15,0.0,74020.17,0.0,68036.83,56.85,51.64
107,107,12.69,5358.99,0.36,20.57,0.0,20.57,0.47,24.37,12.69,11.67,0.0,2802337.2,0.0,73997.04,0.0,68638.05,56.85,51.64
108,108,12.45,5150.87,0.25,14.46,0.0,14.46,0.43,22.08,12.45,9.64,0.0,2871160.24,0.0,73973.91,0.0,68823.04,56.85,51.64
109,109,12.94,5098.84,0.08,4.53,0.0,4.53,0.35,17.87,12.94,4.92,0.0,2940012.19,0.0,73950.79,0.0,68851.94,56.85,51.64
110,110,12.57,5046.82,0.0,0.0,0.0,0.0,0.23,12.13,12.13,0.0,0.44,2999848.69,9044.34,73927.66,0.0,59836.5,56.85,51.64
111,111,11.33,4994.79,0.04,2.31,2.31,0.0,0.11,5.55,5.55,0.0,3.47,2997560.31,71198.13,73904.54,0.0,-2288.38,56.85,51.64
112,112,11.7,5463.05,0.1,5.8,5.8,0.0,0.01,0.52,0.52,0.0,5.38,2955377.81,110600.86,73881.41,0.0,-42182.5,56.85,51.64
113,113,13.57,6243.48,0.16,9.0,9.0,0.0,0.0,0.0,0.0,0.0,4.56,2929223.98,93768.64,73858.28,0.0,-26153.84,56.85,51.64
114,114,14.44,7284.06,0.23,12.98,12.98,0.0,0.0,0.0,0.0,0.0,1.45,2965879.64,29895.43,73835.16,0.0,36655.66,56.85,51.64
115,115,13.44,7700.3,0.27,15.2,0.0,15.2,0.0,0.0,0.0,0.0,13.44,2755818.54,276172.83,73812.03,0.0,-210061.1,56.85,51.64
116,116,12.32,7388.12,0.3,16.94,12.32,4.62,0.0,0.0,0.0,0.0,0.0,2822219.32,0.0,73788.9,0.0,66400.78,56.85,51.64
117,117,11.2,6763.77,0.28,16.07,11.2,4.87,0.0,0.0,0.0,0.0,0.0,2889221.32,0.0,73765.78,0.0,67002.0,56.85,51.64
118,118,10.08,5723.19,0.27,15.2,10.08,5.12,0.0,0.0,0.0,0.0,0.0,2957240.78,0.0,73742.65,0.0,68019.46,56.85,51.64
119,119,8.96,4162.32,0.25,14.46,8.96,5.5,0.0,0.0,0.0,0.0,0.0,3026797.98,0.0,73719.52,0.0,69557.2,56.85,51.64
120,120,8.09,3642.03,0.11,6.31,6.31,0.0,0.0,0.0,0.0,0.0,1.77,3060383.22,36469.13,73696.4,0.0,33585.24,56.85,51.64
121,121,7.97,2601.45,0.09,5.37,0.0,5.37,0.0,0.0,0.0,0.0,7.97,2967797.4,163657.64,73673.27,0.0,-92585.82,56.85,51.64
122,122,8.09,1977.1,0.0,0.0,0.0,0.0,0.0,0.0,0.0,0.0,8.09,2873255.67,166214.76,73650.14,0.0,-94541.72,56.85,51.64
123,123,8.21,1560.87,0.0,0.0,0.0,0.0,0.0,0.0,0.0,0.0,8.21,2776549.93,168771.89,73627.02,0.0,-96705.74,56.85,51.64
124,124,8.34,1977.1,0.0,0.0,0.0,0.0,0.0,0.0,0.0,0.0,8.34,2676847.71,171329.01,73603.89,0.0,-99702.22,56.85,51.64
125,125,8.59,3017.68,0.0,0.0,0.0,0.0,0.02,0.79,0.0,0.79,8.59,2570967.33,176443.46,73580.76,0.0,-105880.37,56.85,51.64
126,126,9.83,5775.22,0.0,0.0,0.0,0.0,0.12,6.04,6.04,0.0,3.79,2560790.08,77959.67,73557.64,0.0,-10177.25,56.85,51.64
127,127,10.83,7180.01,0.02,0.89,0.0,0.89,0.24,12.46,10.83,1.63,0.0,2627144.59,0.0,73534.51,0.0,66354.51,56.85,51.64
128,128,10.95,7544.21,0.05,2.99,0.0,2.99,0.35,18.0,10.95,7.05,0.0,2693111.76,0.0,73511.38,0.0,65967.18,56.85,51.64
129,129,10.95,7023.92,0.12,6.83,0.0,6.83,0.45,23.01,10.95,12.06,0.0,2759576.1,0.0,73488.26,0.0,66464.34,56.85,51.64
130,130,10.33,5983.34,0.23,12.98,10.33,2.65,0.48,24.91,0.0,24.91,0.0,2827057.9,0.0,73465.13,0.0,67481.79,56.85,51.64
131,131,10.58,5358.99,0.33,18.69,0.0,18.69,0.48,24.75,10.58,14.17,0.0,2895140.91,0.0,73442.01,0.0,68083.02,56.85,51.64
132,132,11.08,5150.87,0.3,16.94,0.0,16.94,0.44,22.46,11.08,11.39,0.0,2963408.92,0.0,73418.88,0.0,68268.01,56.85,51.64
133,133,11.08,5098.84,0.11,6.31,0.0,6.31,0.35,18.28,11.08,7.2,0.0,3031705.83,0.0,73395.75,0.0,68296.91,56.85,51.64
134,134,10.7,5046.82,0.0,0.0,0.0,0.0,0.24,12.51,0.0,12.51,10.7,2880115.9,219915.74,73372.63,0.0,-151589.93,56.85,51.64
135,135,9.96,4994.79,0.05,2.65,2.65,0.0,0.11,5.85,5.85,0.0,1.46,2918556.96,29913.66,73349.5,0.0,38441.06,56.85,51.64
136,136,10.33,5463.05,0.13,7.35,7.35,0.0,0.01,0.54,0.0,0.54,2.98,2925105.11,61315.17,73326.37,0.0,6548.16,56.85,51.64
137,137,11.45,6243.48,0.33,18.69,11.45,7.24,0.0,0.0,0.0,0.0,0.0,2992164.88,0.0,73303.25,0.0,67059.76,56.85,51.64
138,138,12.45,7284.06,0.49,27.98,12.45,15.53,0.0,0.0,0.0,0.0,0.0,3058160.94,0.0,73280.12,0.0,65996.06,56.85,51.64
139,139,13.32,7700.3,0.47,26.85,13.32,13.53,0.0,0.0,0.0,0.0,0.0,3123717.63,0.0,73256.99,0.0,65556.7,56.85,51.64
140,140,13.07,7388.12,0.38,21.57,0.0,21.57,0.0,0.0,0.0,0.0,13.07,2921062.51,268500.87,73233.87,0.0,-202655.12,56.85,51.64
141,141,11.2,6763.77,0.27,15.2,11.2,4.0,0.0,0.0,0.0,0.0,0.0,2987509.48,0.0,73210.74,0.0,66446.97,56.85,51.64
142,142,10.08,5723.19,0.2,11.5,10.08,1.42,0.0,0.0,0.0,0.0,0.0,3054973.9,0.0,73187.61,0.0,67464.42,56.85,51.64
143,143,8.96,4162.32,0.16,9.0,8.96,0.04,0.0,0.0,0.0,0.0,0.0,3123976.07,0.0,73164.49,0.0,69002.17,56.85,51.64
144,144,8.34,3642.03,0.07,4.1,0.0,4.1,0.0,0.0,0.0,0.0,8.34,3022146.39,171329.01,73141.36,0.0,-101829.68,56.85,51.64
145,145,8.21,2601.45,0.08,4.53,0.0,4.53,0.0,0.0,0.0,0.0,8.21,2923891.28,168771.89,73118.23,0.0,-98255.1,56.85,51.64
146,146,8.09,1977.1,0.03,1.43,0.0,1.43,0.0,0.0,0.0,0.0,8.09,2828794.52,166214.76,73095.11,0.0,-95096.76,56.85,51.64
147,147,8.09,1560.87,0.0,0.0,0.0,0.0,0.0,0.0,0.0,0.0,8.09,2734090.87,166214.76,73071.98,0.0,-94703.65,56.85,51.64
148,148,8.21,1977.1,0.0,0.0,0.0,0.0,0.0,0.0,0.0,0.0,8.21,2636390.73,168771.89,73048.86,0.0,-97700.14,56.85,51.64
149,149,8.21,3017.68,0.0,0.0,0.0,0.0,0.02,0.9,0.0,0.9,8.21,2537626.89,168771.89,73025.73,0.0,-98763.84,56.85,51.64
150,150,8.34,5775.22,0.02,0.89,0.0,0.89,0.13,6.83,6.83,0.0,1.51,2573785.43,31068.84,73002.6,0.0,36158.54,56.85,51.64
151,151,8.84,7180.01,0.04,2.31,0.0,2.31,0.26,13.49,8.84,4.65,0.0,2639584.9,0.0,72979.48,0.0,65799.47,56.85,51.64
152,152,8.84,7544.21,0.07,4.1,4.1,0.0,0.37,19.15,4.74,14.41,0.0,2704997.04,0.0,72956.35,0.0,65412.14,56.85,51.64
153,153,8.96,7023.92,0.1,5.8,0.0,5.8,0.45,23.2,8.96,14.24,0.0,2770906.35,0.0,72933.22,0.0,65909.3,56.85,51.64
154,154,8.71,5983.34,0.12,6.83,0.0,6.83,0.49,25.05,8.71,16.34,0.0,2837833.11,0.0,72910.1,0.0,66926.76,56.85,51.64
155,155,8.46,5358.99,0.11,6.31,0.0,6.31,0.47,24.31,8.46,15.85,0.0,2905361.09,0.0,72886.97,0.0,67527.98,56.85,51.64
156,156,8.34,5150.87,0.04,2.31,0.0,2.31,0.41,21.24,8.34,12.9,0.0,2973074.06,0.0,72863.84,0.0,67712.97,56.85,51.64
157,157,8.71,5098.84,0.0,0.0,0.0,0.0,0.32,16.29,8.71,7.58,0.0,3040815.93,0.0,72840.72,0.0,67741.87,56.85,51.64
158,158,8.84,5046.82,0.0,0.0,0.0,0.0,0.21,10.63,0.0,10.63,8.84,2927029.01,181557.7,72817.59,0.0,-113786.92,56.85,51.64
159,159,9.21,4994.79,0.13,7.35,7.35,0.0,0.1,4.98,0.0,4.98,1.86,2956528.22,38300.47,72794.46,0.0,29499.21,56.85,51.64
160,160,9.58,5463.05,0.33,18.69,9.58,9.1,0.01,0.52,0.0,0.52,0.0,3023836.51,0.0,72771.34,0.0,67308.29,56.85,51.64
161,161,12.69,6243.48,0.36,20.57,12.69,7.87,0.0,0.0,0.0,0.0,0.0,3090341.23,0.0,72748.21,0.0,66504.73,56.85,51.64
162,162,13.44,7284.06,0.36,20.57,13.44,7.12,0.0,0.0,0.0,0.0,0.0,3155782.26,0.0,72725.08,0.0,65441.02,56.85,51.64
163,163,12.94,7700.3,0.34,19.56,12.94,6.61,0.0,0.0,0.0,0.0,0.0,3220783.92,0.0,72701.96,0.0,65001.66,56.85,51.64
164,164,11.82,7388.12,0.3,16.94,11.82,5.12,0.0,0.0,0.0,0.0,0.0,3286074.63,0.0,72678.83,0.0,65290.71,56.85,51.64
165,165,10.83,6763.77,0.22,12.24,10.83,1.42,0.0,0.0,0.0,0.0,0.0,3351966.56,0.0,72655.7,0.0,65891.93,56.85,51.64
166,166,9.46,5723.19,0.17,9.63,9.46,0.17,0.0,0.0,0.0,0.0,0.0,3418875.95,0.0,72632.58,0.0,66909.39,56.85,51.64
167,167,8.34,4162.32,0.18,10.25,0.0,10.25,0.0,0.0,0.0,0.0,8.34,3315994.07,171329.01,72609.45,0.0,-102881.88,56.85,51.64
168,168,7.59,3642.03,0.07,4.1,0.0,4.1,0.0,0.0,0.0,0.0,7.59,3228952.09,155986.27,72586.33,0.0,-87041.98,56.85,51.64
169,169,7.84,2601.45,0.06,3.34,0.0,3.34,0.0,0.0,0.0,0.0,7.84,3137813.31,161100.52,72563.2,0.0,-91138.77,56.85,51.64
170,170,8.46,1977.1,0.03,1.43,0.0,1.43,0.0,0.0,0.0,0.0,8.46,3034489.95,173886.33,72540.07,0.0,-103323.36,56.85,51.64
171,171,9.46,1560.87,0.01,0.63,0.0,0.63,0.0,0.0,0.0,0.0,9.46,2911102.51,194343.51,72516.95,0.0,-123387.44,56.85,51.64
172,172,10.58,1977.1,0.04,2.31,0.0,2.31,0.0,0.0,0.0,0.0,10.58,2764260.82,217358.42,72493.82,0.0,-146841.7,56.85,51.64
173,173,11.33,3017.68,0.06,3.68,3.68,0.0,0.02,1.01,1.01,0.0,6.64,2697231.45,136482.37,72470.69,0.0,-67029.36,56.85,51.64
174,174,11.7,5775.22,0.09,4.95,4.33,0.62,0.14,7.37,7.37,0.0,0.0,2763903.8,0.0,72447.57,0.0,66672.35,56.85,51.64
175,175,12.2,7180.01,0.1,5.8,0.0,5.8,0.27,14.06,12.2,1.86,0.0,2829148.23,0.0,72424.44,0.0,65244.44,56.85,51.64
176,176,11.82,7544.21,0.15,8.38,0.0,8.38,0.38,19.61,11.82,7.79,0.0,2894005.34,0.0,72401.31,0.0,64857.11,56.85,51.64
177,177,11.7,7023.92,0.17,9.63,0.0,9.63,0.46,23.55,11.7,11.85,0.0,2959359.61,0.0,72378.19,0.0,65354.27,56.85,51.64
178,178,11.7,5983.34,0.23,12.98,11.7,1.28,0.49,25.51,0.0,25.51,0.0,3025731.33,0.0,72355.06,0.0,66371.72,56.85,51.64
179,179,12.57,5358.99,0.38,21.57,12.57,9.0,0.49,25.32,0.0,25.32,0.0,3092704.28,0.0,72331.93,0.0,66972.94,56.85,51.64
180,180,12.2,5150.87,0.38,21.57,0.0,21.57,0.45,23.01,0.0,23.01,12.2,2909260.6,250601.61,72308.81,0.0,-183443.67,56.85,51.64
181,181,11.33,5098.84,0.57,32.65,0.0,32.65,0.36,18.79,11.33,7.47,0.0,2976447.44,0.0,72285.68,0.0,67186.84,56.85,51.64
182,182,11.2,5046.82,0.86,48.79,0.0,48.79,0.25,13.0,11.2,1.8,0.0,3043663.18,0.0,72262.55,0.0,67215.74,56.85,51.64
183,183,11.2,4994.79,0.9,51.14,11.2,39.94,0.12,6.26,0.0,6.26,0.0,3110907.82,0.0,72239.43,0.0,67244.64,56.85,51.64
184,184,12.32,5463.05,0.66,37.56,12.32,25.24,0.01,0.63,0.0,0.63,0.0,3177661.08,0.0,72216.3,0.0,66753.25,56.85,51.64
185,185,13.44,6243.48,0.43,24.6,13.44,11.16,0.0,0.0,0.0,0.0,0.0,3243610.77,0.0,72193.18,0.0,65949.69,56.85,51.64
186,186,14.81,7284.06,0.3,16.94,14.81,2.13,0.0,0.0,0.0,0.0,0.0,3308496.75,0.0,72170.05,0.0,64885.99,56.85,51.64
187,187,14.31,7700.3,0.22,12.24,12.24,0.0,0.0,0.0,0.0,0.0,2.07,3330418.96,42524.42,72146.92,0.0,21922.2,56.85,51.64
188,188,13.19,7388.12,0.22,12.24,0.0,12.24,0.0,0.0,0.0,0.0,13.19,3124096.44,271058.19,72123.8,0.0,-206322.51,56.85,51.64
189,189,11.82,6763.77,0.19,10.88,10.88,0.0,0.0,0.0,0.0,0.0,0.95,3170015.09,19418.25,72100.67,0.0,45918.65,56.85,51.64
190,190,10.7,5723.19,0.19,10.88,10.7,0.17,0.0,0.0,0.0,0.0,0.0,3236369.44,0.0,72077.54,0.0,66354.35,56.85,51.64
191,191,7.97,4162.32,0.22,12.24,7.97,4.28,0.0,0.0,0.0,0.0,0.0,3304261.54,0.0,72054.42,0.0,67892.09,56.85,51.64
192,192,7.72,3642.03,0.22,12.24,7.72,4.53,0.0,0.0,0.0,0.0,0.0,3372650.8,0.0,72031.29,0.0,68389.26,56.85,51.64
193,193,7.59,2601.45,0.49,27.98,7.59,20.38,0.0,0.0,0.0,0.0,0.0,3442057.51,0.0,72008.16,0.0,69406.71,56.85,51.64
194,194,7.59,1977.1,0.43,24.6,0.0,24.6,0.0,0.0,0.0,0.0,7.59,3356079.17,155986.27,71985.04,0.0,-85978.34,56.85,51.64
195,195,7.97,1560.87,0.27,15.2,7.97,7.23,0.0,0.0,0.0,0.0,0.0,3426480.21,0.0,71961.91,0.0,70401.04,56.85,51.64
196,196,8.71,1977.1,0.12,6.83,0.0,6.83,0.0,0.0,0.0,0.0,8.71,3317441.31,179000.58,71938.78,0.0,-109038.9,56.85,51.64
197,197,9.71,3017.68,0.04,2.31,2.31,0.0,0.02,0.98,0.98,0.0,6.42,3254504.43,131834.86,71915.66,0.0,-62936.88,56.85,51.64
198,198,10.83,5775.22,0.01,0.63,0.0,0.63,0.14,7.23,7.23,0.0,3.59,3246790.93,73830.81,71892.53,0.0,-7713.5,56.85,51.64
199,199,11.7,7180.01,0.0,0.0,0.0,0.0,0.27,13.87,11.7,2.17,0.0,3311480.33,0.0,71869.4,0.0,64689.4,56.85,51.64
200,200,11.95,7544.21,0.02,0.89,0.0,0.89,0.38,19.42,11.95,7.47,0.0,3375782.4,0.0,71846.28,0.0,64302.07,56.85,51.64
201,201,12.32,7023.92,0.04,2.31,0.0,2.31,0.45,23.39,12.32,11.07,0.0,3440581.63,0.0,71823.15,0.0,64799.23,56.85,51.64
202,202,11.95,5983.34,0.12,6.83,0.0,6.83,0.49,25.29,11.95,13.35,0.0,3506398.32,0.0,71800.03,0.0,65816.69,56.85,51.64
203,203,11.7,5358.99,0.18,10.25,10.25,0.0,0.49,25.05,0.0,25.05,1.45,3543105.35,29710.88,71776.9,0.0,36707.03,56.85,51.64
204,204,12.32,5150.87,0.08,4.53,0.0,4.53,0.44,22.68,12.32,10.36,0.0,3609708.25,0.0,71753.77,0.0,66602.9,56.85,51.64
205,205,12.69,5098.84,0.03,1.7,0.0,1.7,0.35,18.3,12.69,5.61,0.0,3676340.05,0.0,71730.65,0.0,66631.8,56.85,51.64
206,206,12.07,5046.82,0.19,10.88,0.0,10.88,0.24,12.4,12.07,0.33,0.0,3743000.75,0.0,71707.52,0.0,66660.7,56.85,51.64
207,207,11.08,4994.79,0.4,22.58,0.0,22.58,0.11,5.49,0.0,5.49,11.08,3582104.65,227585.71,71684.39,0.0,-160896.1,56.85,51.64
208,208,12.45,5463.05,0.45,25.72,0.0,25.72,0.01,0.49,0.0,0.49,12.45,3392588.62,255714.25,71661.27,0.0,-189516.04,56.85,51.64
209,209,14.69,6243.48,0.36,20.57,14.69,5.88,0.0,0.0,0.0,0.0,0.0,3457983.27,0.0,71638.14,0.0,65394.66,56.85,51.64
210,210,14.19,7284.06,0.25,14.46,14.19,0.27,0.0,0.0,0.0,0.0,0.0,3522314.22,0.0,71615.01,0.0,64330.95,56.85,51.64
211,211,13.44,7700.3,0.18,10.25,0.0,10.25,0.0,0.0,0.0,0.0,13.44,3310032.98,276172.83,71591.89,0.0,-212281.24,56.85,51.64
212,212,11.7,7388.12,0.12,6.83,0.0,6.83,0.0,0.0,0.0,0.0,11.7,3133841.3,240372.32,71568.76,0.0,-176191.68,56.85,51.64
213,213,10.58,6763.77,0.06,3.68,3.68,0.0,0.0,0.0,0.0,0.0,6.9,3056806.93,141816.24,71545.63,0.0,-77034.38,56.85,51.64
214,214,9.46,5723.19,0.05,2.65,0.0,2.65,0.0,0.0,0.0,0.0,9.46,2928262.73,194343.51,71522.51,0.0,-128544.2,56.85,51.64
215,215,7.97,4162.32,0.04,2.31,2.31,0.0,0.0,0.0,0.0,0.0,5.65,2879448.05,116151.74,71499.38,0.0,-48814.68,56.85,51.64
216,216,7.84,3642.03,0.09,5.37,0.0,5.37,0.0,0.0,0.0,0.0,7.84,2786181.75,161100.52,71476.25,0.0,-93266.3,56.85,51.64
217,217,7.97,2601.45,0.36,20.57,7.97,12.6,0.0,0.0,0.0,0.0,0.0,2855033.43,0.0,71453.13,0.0,68851.68,56.85,51.64
218,218,7.97,1977.1,0.55,31.44,7.97,23.48,0.0,0.0,0.0,0.0,0.0,2924486.33,0.0,71430.0,0.0,69452.9,56.85,51.64
219,219,8.34,1560.87,0.43,24.6,8.34,16.26,0.0,0.0,0.0,0.0,0.0,2994332.33,0.0,71406.87,0.0,69846.0,56.85,51.64
220,220,8.84,1977.1,0.23,12.98,8.84,4.15,0.0,0.0,0.0,0.0,0.0,3063738.98,0.0,71383.75,0.0,69406.65,56.85,51.64
221,221,9.33,3017.68,0.11,6.31,6.31,0.0,0.02,0.82,0.82,0.0,2.2,3086805.33,45276.59,71360.62,0.0,23066.35,56.85,51.64
222,222,9.96,5775.22,0.05,2.65,2.65,0.0,0.13,6.5,6.5,0.0,0.8,3135865.28,16502.33,71337.5,0.0,49059.95,56.85,51.64
223,223,11.2,7180.01,0.02,0.89,0.0,0.89,0.26,13.35,11.2,2.15,0.0,3199999.64,0.0,71314.37,0.0,64134.36,56.85,51.64
224,224,12.2,7544.21,0.0,0.0,0.0,0.0,0.37,19.04,12.2,6.84,0.0,3263746.68,0.0,71291.24,0.0,63747.03,56.85,51.64
225,225,12.57,7023.92,0.0,0.0,0.0,0.0,0.45,22.98,12.57,10.41,0.0,3327990.87,0.0,71268.12,0.0,64244.2,56.85,51.64
226,226,11.95,5983.34,0.0,0.0,0.0,0.0,0.48,24.86,0.0,24.86,11.95,3147765.56,245486.96,71244.99,0.0,-180225.31,56.85,51.64
227,227,12.45,5358.99,0.0,0.0,0.0,0.0,0.45,23.44,12.45,11.0,0.0,3213628.44,0.0,71221.86,0.0,65862.87,56.85,51.64
228,228,12.82,5150.87,0.02,0.89,0.0,0.89,0.39,20.04,12.82,7.23,0.0,3279676.3,0.0,71198.74,0.0,66047.86,56.85,51.64
229,229,12.57,5098.84,0.07,4.1,0.0,4.1,0.3,15.72,12.57,3.15,0.0,3345753.07,0.0,71175.61,0.0,66076.77,56.85,51.64
230,230,12.32,5046.82,0.2,11.5,11.5,0.0,0.19,9.76,0.0,9.76,0.82,3395063.16,16795.58,71152.48,0.0,49310.09,56.85,51.64
231,231,11.33,4994.79,0.41,23.59,0.0,23.59,0.09,4.49,0.0,4.49,11.33,3228497.37,232700.35,71129.36,0.0,-166565.78,56.85,51.64
232,232,12.45,5463.05,0.71,40.1,12.45,27.66,0.01,0.46,0.0,0.46,0.0,3294140.56,0.0,71106.23,0.0,65643.18,56.85,51.64
233,233,14.06,6243.48,0.68,38.83,14.06,24.77,0.0,0.0,0.0,0.0,0.0,3358980.18,0.0,71083.1,0.0,64839.62,56.85,51.64
234,234,14.56,7284.06,0.49,27.98,14.56,13.41,0.0,0.0,0.0,0.0,0.0,3422756.09,0.0,71059.98,0.0,63775.91,56.85,51.64
235,235,13.07,7700.3,0.4,22.58,13.07,9.51,0.0,0.0,0.0,0.0,0.0,3486092.65,0.0,71036.85,0.0,63336.56,56.85,51.64
236,236,11.82,7388.12,0.33,18.69,11.82,6.86,0.0,0.0,0.0,0.0,0.0,3549718.25,0.0,71013.72,0.0,63625.6,56.85,51.64
237,237,10.7,6763.77,0.27,15.2,0.0,15.2,0.0,0.0,0.0,0.0,10.7,3394029.34,219915.74,70990.6,0.0,-155688.91,56.85,51.64
238,238,9.33,5723.19,0.23,12.98,9.33,3.65,0.0,0.0,0.0,0.0,0.0,3459273.62,0.0,70967.47,0.0,65244.28,56.85,51.64
239,239,8.21,4162.32,0.18,10.25,0.0,10.25,0.0,0.0,0.0,0.0,8.21,3357283.76,168771.89,70944.35,0.0,-101989.86,56.85,51.64
240,240,8.09,3642.03,0.15,8.38,8.09,0.29,0.0,0.0,0.0,0.0,0.0,3424562.94,0.0,70921.22,0.0,67279.19,56.85,51.64
241,241,7.97,2601.45,0.4,22.58,7.97,14.62,0.0,0.0,0.0,0.0,0.0,3492859.58,0.0,70898.09,0.0,68296.64,56.85,51.64
242,242,8.09,1977.1,0.36,20.57,0.0,20.57,0.0,0.0,0.0,0.0,8.09,3395542.68,166214.76,70874.97,0.0,-97316.9,56.85,51.64
243,243,8.21,1560.87,0.23,12.98,8.21,4.77,0.0,0.0,0.0,0.0,0.0,3464833.65,0.0,70851.84,0.0,69290.97,56.85,51.64
244,244,8.84,1977.1,0.12,6.83,0.0,6.83,0.0,0.0,0.0,0.0,8.84,3352127.56,181557.7,70828.71,0.0,-112706.09,56.85,51.64
245,245,9.33,3017.68,0.05,2.65,2.65,0.0,0.02,0.98,0.98,0.0,5.7,3302761.04,117154.42,70805.59,0.0,-49366.52,56.85,51.64
246,246,10.33,5775.22,0.02,1.16,1.16,0.0,0.13,6.96,6.96,0.0,2.2,3322487.42,45280.86,70782.46,0.0,19726.37,56.85,51.64
247,247,11.45,7180.01,0.02,1.16,0.0,1.16,0.26,13.27,11.45,1.82,0.0,3386066.75,0.0,70759.33,0.0,63579.33,56.85,51.64
248,248,12.45,7544.21,0.05,2.65,0.0,2.65,0.36,18.71,12.45,6.27,0.0,3449258.74,0.0,70736.21,0.0,63192.0,56.85,51.64
249,249,12.69,7023.92,0.13,7.35,0.0,7.35,0.44,22.63,12.69,9.93,0.0,3512947.91,0.0,70713.08,0.0,63689.16,56.85,51.64
250,250,12.2,5983.34,0.34,19.56,12.2,7.36,0.48,24.72,0.0,24.72,0.0,3577654.52,0.0,70689.95,0.0,64706.62,56.85,51.64
251,251,11.95,5358.99,0.57,32.65,0.0,32.65,0.48,24.59,0.0,24.59,11.95,3397475.4,245486.96,70666.83,0.0,-180179.13,56.85,51.64
252,252,12.94,5150.87,0.51,29.1,0.0,29.1,0.43,22.36,12.94,9.41,0.0,3462968.22,0.0,70643.7,0.0,65492.83,56.85,51.64
253,253,12.69,5098.84,0.24,13.72,12.69,1.03,0.35,18.0,0.0,18.0,0.0,3528489.95,0.0,70620.57,0.0,65521.73,56.85,51.64
254,254,12.2,5046.82,0.24,13.72,12.2,1.52,0.24,12.21,0.0,12.21,0.0,3594040.59,0.0,70597.45,0.0,65550.63,56.85,51.64
255,255,11.7,4994.79,0.36,20.57,11.7,8.87,0.11,5.71,0.0,5.71,0.0,3659620.12,0.0,70574.32,0.0,65579.54,56.85,51.64
256,256,12.82,5463.05,0.38,21.57,0.0,21.57,0.01,0.57,0.0,0.57,12.82,3461322.05,263386.22,70551.19,0.0,-198298.07,56.85,51.64
257,257,14.69,6243.48,0.4,22.58,0.0,22.58,0.0,0.0,0.0,0.0,14.69,3223862.57,301744.06,70528.07,0.0,-237459.47,56.85,51.64
258,258,14.31,7284.06,0.34,19.56,14.31,5.25,0.0,0.0,0.0,0.0,0.0,3287083.45,0.0,70504.94,0.0,63220.88,56.85,51.64
259,259,13.57,7700.3,0.27,15.2,13.57,1.63,0.0,0.0,0.0,0.0,0.0,3349864.97,0.0,70481.82,0.0,62781.52,56.85,51.64
260,260,12.45,7388.12,0.18,10.25,0.0,10.25,0.0,0.0,0.0,0.0,12.45,3157221.29,255714.25,70458.69,0.0,-192643.69,56.85,51.64
261,261,11.33,6763.77,0.2,11.5,11.33,0.18,0.0,0.0,0.0,0.0,0.0,3220893.08,0.0,70435.56,0.0,63671.79,56.85,51.64
262,262,9.21,5723.19,0.23,12.98,9.21,3.77,0.0,0.0,0.0,0.0,0.0,3285582.32,0.0,70412.44,0.0,64689.24,56.85,51.64
263,263,8.71,4162.32,0.38,21.57,0.0,21.57,0.0,0.0,0.0,0.0,8.71,3172808.73,179000.58,70389.31,0.0,-112773.59,56.85,51.64
264,264,8.09,3642.03,0.19,10.88,0.0,10.88,0.0,0.0,0.0,0.0,8.09,3073318.12,166214.76,70366.18,0.0,-99490.61,56.85,51.64
265,265,8.09,2601.45,0.38,21.57,8.09,13.48,0.0,0.0,0.0,0.0,0.0,3141059.72,0.0,70343.06,0.0,67741.61,56.85,51.64
266,266,7.97,1977.1,0.33,18.69,7.97,10.72,0.0,0.0,0.0,0.0,0.0,3209402.55,0.0,70319.93,0.0,68342.83,56.85,51.64
267,267,8.21,1560.87,0.19,10.88,8.21,2.66,0.0,0.0,0.0,0.0,0.0,3278138.48,0.0,70296.8,0.0,68735.93,56.85,51.64
268,268,8.46,1977.1,0.08,4.53,0.0,4.53,0.0,0.0,0.0,0.0,8.46,3172548.72,173886.33,70273.68,0.0,-105589.76,56.85,51.64
269,269,9.58,3017.68,0.03,1.7,1.7,0.0,0.02,0.92,0.92,0.0,6.96,3096847.8,142933.79,70250.55,0.0,-75700.92,56.85,51.64
270,270,9.96,5775.22,0.03,1.43,1.43,0.0,0.13,6.94,6.94,0.0,1.59,3128661.68,32638.33,70227.42,0.0,31813.88,56.85,51.64
271,271,11.2,7180.01,0.05,2.65,0.0,2.65,0.27,13.9,11.2,2.7,0.0,3191685.97,0.0,70204.3,0.0,63024.29,56.85,51.64
272,272,12.32,7544.21,0.08,4.53,0.0,4.53,0.38,19.39,12.32,7.07,0.0,3254322.93,0.0,70181.17,0.0,62636.96,56.85,51.64
273,273,12.69,7023.92,0.13,7.35,0.0,7.35,0.45,23.23,12.69,10.53,0.0,3317457.06,0.0,70158.04,0.0,63134.13,56.85,51.64
274,274,12.94,5983.34,0.18,10.25,10.25,0.0,0.49,25.1,0.0,25.1,2.69,3326326.53,55282.11,70134.92,0.0,8869.47,56.85,51.64
275,275,12.69,5358.99,0.33,18.69,0.0,18.69,0.48,24.86,12.69,12.16,0.0,3391079.34,0.0,70111.79,0.0,64752.8,56.85,51.64
276,276,12.45,5150.87,0.6,33.87,0.0,33.87,0.44,22.55,0.0,22.55,12.45,3200302.87,255714.25,70088.67,0.0,-190776.46,56.85,51.64
277,277,12.94,5098.84,0.83,46.93,0.0,46.93,0.35,18.14,12.94,5.2,0.0,3265269.57,0.0,70065.54,0.0,64966.69,56.85,51.64
278,278,12.57,5046.82,0.91,51.93,12.57,39.36,0.22,11.18,0.0,11.18,0.0,3330265.17,0.0,70042.41,0.0,64995.6,56.85,51.64
279,279,11.33,4994.79,0.92,52.46,11.33,41.14,0.1,4.95,0.0,4.95,0.0,3395289.67,0.0,70019.29,0.0,65024.5,56.85,51.64
280,280,11.7,5463.05,0.89,50.36,11.7,38.66,0.01,0.54,0.0,0.54,0.0,3459822.78,0.0,69996.16,0.0,64533.11,56.85,51.64
281,281,13.57,6243.48,0.75,42.64,13.57,29.07,0.0,0.0,0.0,0.0,0.0,3523552.33,0.0,69973.03,0.0,63729.55,56.85,51.64
282,282,14.44,7284.06,0.57,32.65,0.0,32.65,0.0,0.0,0.0,0.0,14.44,3289588.76,296629.41,69949.91,0.0,-233963.57,56.85,51.64
283,283,13.44,7700.3,0.55,31.44,13.44,18.0,0.0,0.0,0.0,0.0,0.0,3351815.24,0.0,69926.78,0.0,62226.48,56.85,51.64
284,284,12.32,7388.12,0.51,29.1,12.32,16.78,0.0,0.0,0.0,0.0,0.0,3414330.77,0.0,69903.65,0.0,62515.53,56.85,51.64
285,285,11.2,6763.77,0.19,10.88,0.0,10.88,0.0,0.0,0.0,0.0,11.2,3247304.5,230143.03,69880.53,0.0,-167026.28,56.85,51.64
286,286,10.08,5723.19,0.06,3.68,0.0,3.68,0.0,0.0,0.0,0.0,10.08,3104309.58,207129.13,69857.4,0.0,-142994.92,56.85,51.64
287,287,8.96,4162.32,0.05,2.65,2.65,0.0,0.0,0.0,0.0,0.0,6.31,3040381.68,129599.85,69834.27,0.0,-63927.9,56.85,51.64
288,288,8.09,3642.03,0.09,4.95,4.95,0.0,0.0,0.0,0.0,0.0,3.14,3042045.4,64505.4,69811.15,0.0,1663.72,56.85,51.64
289,289,7.97,2601.45,0.33,18.69,7.97,10.72,0.0,0.0,0.0,0.0,0.0,3109231.97,0.0,69788.02,0.0,67186.57,56.85,51.64
290,290,8.09,1977.1,0.43,24.6,8.09,16.51,0.0,0.0,0.0,0.0,0.0,3177019.76,0.0,69764.89,0.0,67787.79,56.85,51.64
291,291,8.21,1560.87,0.38,21.57,8.21,13.36,0.0,0.0,0.0,0.0,0.0,3245200.66,0.0,69741.77,0.0,68180.9,56.85,51.64
292,292,8.34,1977.1,0.31,17.81,0.0,17.81,0.0,0.0,0.0,0.0,8.34,3141613.19,171329.01,69718.64,0.0,-103587.47,56.85,51.64
293,293,8.59,3017.68,0.28,16.07,8.59,7.48,0.02,1.12,0.0,1.12,0.0,3208291.02,0.0,69695.51,0.0,66677.83,56.85,51.64
294,294,9.83,5775.22,0.31,17.81,0.0,17.81,0.15,7.81,0.0,7.81,9.83,3070173.71,202014.48,69672.39,0.0,-138117.31,56.85,51.64
295,295,10.83,7180.01,0.34,19.56,0.0,19.56,0.28,14.44,10.83,3.61,0.0,3132642.96,0.0,69649.26,0.0,62469.26,56.85,51.64
296,296,10.95,7544.21,0.36,20.57,0.0,20.57,0.39,19.96,10.95,9.01,0.0,3194724.89,0.0,69626.14,0.0,62081.93,56.85,51.64
297,297,10.95,7023.92,0.36,20.57,0.0,20.57,0.46,23.85,10.95,12.9,0.0,3257303.98,0.0,69603.01,0.0,62579.09,56.85,51.64
298,298,10.33,5983.34,0.49,27.98,0.0,27.98,0.5,25.73,10.33,15.4,0.0,3320900.53,0.0,69579.88,0.0,63596.54,56.85,51.64
299,299,10.58,5358.99,0.89,50.36,0.0,50.36,0.49,25.51,10.58,14.93,0.0,3385098.29,0.0,69556.76,0.0,64197.77,56.85,51.64
300,300,11.08,5150.87,1.0,56.8,0.0,56.8,0.45,23.14,11.08,12.07,0.0,3449481.05,0.0,69533.63,0.0,64382.76,56.85,51.64
301,301,11.08,5098.84,1.0,56.85,0.0,56.85,0.36,18.79,11.08,7.72,0.0,3513892.71,0.0,69510.5,0.0,64411.66,56.85,51.64
302,302,10.7,5046.82,1.0,56.8,0.0,56.8,0.25,12.78,10.7,2.08,0.0,3578333.27,0.0,69487.38,0.0,64440.56,56.85,51.64
303,303,9.96,4994.79,0.99,56.19,9.96,46.23,0.1,5.09,0.0,5.09,0.0,3642802.73,0.0,69464.25,0.0,64469.46,56.85,51.64
304,304,10.33,5463.05,0.94,53.53,0.0,53.53,0.01,0.57,0.0,0.57,10.33,3494537.04,212243.77,69441.12,0.0,-148265.69,56.85,51.64
305,305,11.45,6243.48,0.89,50.36,11.45,38.91,0.0,0.0,0.0,0.0,0.0,3557711.55,0.0,69418.0,0.0,63174.51,56.85,51.64
306,306,12.45,7284.06,0.83,46.93,12.45,34.49,0.0,0.0,0.0,0.0,0.0,3619822.36,0.0,69394.87,0.0,62110.81,56.85,51.64
307,307,13.32,7700.3,0.75,42.64,13.32,29.32,0.0,0.0,0.0,0.0,0.0,3681493.81,0.0,69371.74,0.0,61671.45,56.85,51.64
308,308,13.07,7388.12,0.77,43.71,13.07,30.65,0.0,0.0,0.0,0.0,0.0,3743454.31,0.0,69348.62,0.0,61960.5,56.85,51.64
309,309,11.2,6763.77,0.73,41.37,0.0,41.37,0.0,0.0,0.0,0.0,11.2,3575873.0,230143.03,69325.49,0.0,-167581.31,56.85,51.64
310,310,10.08,5723.19,0.64,36.29,0.0,36.29,0.0,0.0,0.0,0.0,10.08,3432323.04,207129.13,69302.36,0.0,-143549.95,56.85,51.64
311,311,8.96,4162.32,0.53,30.23,8.96,21.27,0.0,0.0,0.0,0.0,0.0,3497439.96,0.0,69279.24,0.0,65116.92,56.85,51.64
312,312,8.34,3642.03,0.38,21.57,8.34,13.24,0.0,0.0,0.0,0.0,0.0,3563054.04,0.0,69256.11,0.0,65614.08,56.85,51.64
313,313,8.21,2601.45,0.64,36.29,8.21,28.08,0.0,0.0,0.0,0.0,0.0,3629685.57,0.0,69232.99,0.0,66631.53,56.85,51.64
314,314,8.09,1977.1,0.77,43.71,0.0,43.71,0.0,0.0,0.0,0.0,8.09,3530703.56,166214.76,69209.86,0.0,-98982.01,56.85,51.64
315,315,8.09,1560.87,0.64,36.29,0.0,36.29,0.0,0.0,0.0,0.0,8.09,3432114.66,166214.76,69186.73,0.0,-98588.9,56.85,51.64
316,316,8.21,1977.1,0.51,29.1,8.21,20.89,0.0,0.0,0.0,0.0,0.0,3499301.16,0.0,69163.61,0.0,67186.5,56.85,51.64
317,317,8.21,3017.68,0.43,24.6,8.21,16.38,0.02,1.01,0.0,1.01,0.0,3565423.96,0.0,69140.48,0.0,66122.8,56.85,51.64
318,318,8.34,5775.22,0.4,22.58,0.0,22.58,0.14,7.37,7.37,0.0,0.97,3608873.36,19892.73,69117.35,0.0,43449.4,56.85,51.64
319,319,8.84,7180.01,0.38,21.57,0.0,21.57,0.28,14.25,8.84,5.41,0.0,3670787.58,0.0,69094.23,0.0,61914.22,56.85,51.64
320,320,8.84,7544.21,0.36,20.57,0.0,20.57,0.38,19.85,8.84,11.02,0.0,3732314.47,0.0,69071.1,0.0,61526.89,56.85,51.64
321,321,8.96,7023.92,0.34,19.56,0.0,19.56,0.46,23.82,8.96,14.86,0.0,3794338.53,0.0,69047.97,0.0,62024.06,56.85,51.64
322,322,8.71,5983.34,0.53,30.23,0.0,30.23,0.5,25.73,8.71,17.02,0.0,3857380.04,0.0,69024.85,0.0,63041.51,56.85,51.64
323,323,8.46,5358.99,0.86,48.79,0.0,48.79,0.49,25.54,0.0,25.54,8.46,3747136.44,173886.33,69001.72,0.0,-110243.6,56.85,51.64
324,324,8.34,5150.87,0.91,51.93,0.0,51.93,0.45,23.2,8.34,14.86,0.0,3810964.16,0.0,68978.59,0.0,63827.72,56.85,51.64
325,325,8.71,5098.84,0.93,53.0,0.0,53.0,0.37,18.87,8.71,10.16,0.0,3874820.78,0.0,68955.47,0.0,63856.62,56.85,51.64
326,326,8.84,5046.82,0.93,53.0,0.0,53.0,0.25,13.11,8.84,4.27,0.0,3938706.31,0.0,68932.34,0.0,63885.53,56.85,51.64
327,327,9.21,4994.79,0.86,48.79,9.21,39.58,0.12,6.34,0.0,6.34,0.0,4002620.73,0.0,68909.21,0.0,63914.43,56.85,51.64
328,328,9.58,5463.05,0.68,38.83,9.58,29.25,0.01,0.68,0.0,0.68,0.0,4066043.77,0.0,68886.09,0.0,63423.04,56.85,51.64
329,329,12.69,6243.48,0.51,29.1,0.0,29.1,0.0,0.0,0.0,0.0,12.69,3867834.35,260828.9,68862.96,0.0,-198209.42,56.85,51.64
330,330,13.44,7284.06,0.34,19.56,0.0,19.56,0.0,0.0,0.0,0.0,13.44,3653217.29,276172.83,68839.84,0.0,-214617.06,56.85,51.64
331,331,12.94,7700.3,0.27,15.2,12.94,2.26,0.0,0.0,0.0,0.0,0.0,3714333.71,0.0,68816.71,0.0,61116.41,56.85,51.64
332,332,11.82,7388.12,0.22,12.24,11.82,0.42,0.0,0.0,0.0,0.0,0.0,3775739.17,0.0,68793.58,0.0,61405.46,56.85,51.64
333,333,10.83,6763.77,0.17,9.63,0.0,9.63,0.0,0.0,0.0,0.0,10.83,3615272.79,222473.06,68770.46,0.0,-160466.38,56.85,51.64
334,334,9.46,5723.19,0.16,9.0,9.0,0.0,0.0,0.0,0.0,0.0,0.46,3668914.93,9381.99,68747.33,0.0,53642.14,56.85,51.64
335,335,8.34,4162.32,0.18,10.25,8.34,1.91,0.0,0.0,0.0,0.0,0.0,3733476.81,0.0,68724.2,0.0,64561.88,56.85,51.64
336,336,7.59,3642.03,0.15,8.38,0.0,8.38,0.0,0.0,0.0,0.0,7.59,3642549.58,155986.27,68701.08,0.0,-90927.23,56.85,51.64
337,337,7.84,2601.45,0.3,16.94,7.84,9.1,0.0,0.0,0.0,0.0,0.0,3708626.08,0.0,68677.95,0.0,66076.5,56.85,51.64
338,338,8.46,1977.1,0.17,9.63,8.46,1.16,0.0,0.0,0.0,0.0,0.0,3775303.8,0.0,68654.82,0.0,66677.72,56.85,51.64
339,339,9.46,1560.87,0.08,4.53,0.0,4.53,0.0,0.0,0.0,0.0,9.46,3648031.12,194343.51,68631.7,0.0,-127272.69,56.85,51.64
340,340,10.58,1977.1,0.05,2.65,0.0,2.65,0.0,0.0,0.0,0.0,10.58,3497304.17,217358.42,68608.57,0.0,-150726.95,56.85,51.64
341,341,11.33,3017.68,0.03,1.97,1.97,0.0,0.02,1.01,1.01,0.0,8.35,3391344.22,171527.71,68585.44,0.0,-105959.95,56.85,51.64
342,342,11.7,5775.22,0.04,2.31,0.0,2.31,0.14,7.29,7.29,0.0,4.41,3363518.86,90612.46,68562.32,0.0,-27825.36,56.85,51.64
343,343,12.2,7180.01,0.05,2.65,0.0,2.65,0.27,14.06,12.2,1.86,0.0,3424878.04,0.0,68539.19,0.0,61359.19,56.85,51.64
344,344,11.82,7544.21,0.06,3.68,0.0,3.68,0.38,19.83,11.82,8.0,0.0,3485849.9,0.0,68516.06,0.0,60971.86,56.85,51.64
345,345,11.7,7023.92,0.14,7.86,0.0,7.86,0.46,23.85,11.7,12.15,0.0,3547318.92,0.0,68492.94,0.0,61469.02,56.85,51.64
346,346,11.7,5983.34,0.36,20.57,11.7,8.87,0.5,25.78,0.0,25.78,0.0,3609805.39,0.0,68469.81,0.0,62486.47,56.85,51.64
347,347,12.57,5358.99,0.57,32.65,0.0,32.65,0.5,25.56,0.0,25.56,12.57,3414621.51,258271.58,68446.68,0.0,-195183.88,56.85,51.64
348,348,12.2,5150.87,0.53,30.23,0.0,30.23,0.45,23.23,12.2,11.03,0.0,3477894.2,0.0,68423.56,0.0,63272.69,56.85,51.64
349,349,11.33,5098.84,0.33,18.69,11.33,7.36,0.36,18.85,0.0,18.85,0.0,3541195.78,0.0,68400.43,0.0,63301.59,56.85,51.64
350,350,11.2,5046.82,0.28,16.07,0.0,16.07,0.25,12.95,11.2,1.74,0.0,3604526.27,0.0,68377.31,0.0,63330.49,56.85,51.64
351,351,11.2,4994.79,0.36,20.57,11.2,9.37,0.12,6.17,0.0,6.17,0.0,3667885.67,0.0,68354.18,0.0,63359.39,56.85,51.64
352,352,12.32,5463.05,0.47,26.85,12.32,14.53,0.01,0.65,0.0,0.65,0.0,3730753.67,0.0,68331.05,0.0,62868.01,56.85,51.64
353,353,13.44,6243.48,0.36,20.57,0.0,20.57,0.0,0.0,0.0,0.0,13.44,3516645.28,276172.83,68307.93,0.0,-214108.39,56.85,51.64
354,354,14.81,7284.06,0.31,17.81,14.81,3.0,0.0,0.0,0.0,0.0,0.0,3577646.02,0.0,68284.8,0.0,61000.74,56.85,51.64
355,355,14.31,7700.3,0.25,14.46,14.31,0.15,0.0,0.0,0.0,0.0,0.0,3638207.39,0.0,68261.67,0.0,60561.38,56.85,51.64
356,356,13.19,7388.12,0.22,12.24,12.24,0.0,0.0,0.0,0.0,0.0,0.95,3679547.3,19510.52,68238.55,0.0,41339.9,56.85,51.64
357,357,11.82,6763.77,0.13,7.35,0.0,7.35,0.0,0.0,0.0,0.0,11.82,3498069.3,242929.64,68215.42,0.0,-181477.99,56.85,51.64
358,358,10.7,5723.19,0.06,3.68,0.0,3.68,0.0,0.0,0.0,0.0,10.7,3340622.67,219915.74,68192.29,0.0,-157446.64,56.85,51.64
359,359,7.97,4162.32,0.08,4.53,0.0,4.53,0.0,0.0,0.0,0.0,7.97,3240971.87,163657.64,68169.17,0.0,-99650.8,56.85,51.64
360,360,7.72,3642.03,0.06,3.34,0.0,3.34,0.0,0.0,0.0,0.0,7.72,3146932.48,158543.4,68146.04,0.0,-94039.39,56.85,51.64
361,361,7.59,2601.45,0.12,6.83,6.83,0.0,0.0,0.0,0.0,0.0,0.76,3196804.79,15649.15,68122.91,0.0,49872.31,56.85,51.64
362,362,7.59,1977.1,0.13,7.35,0.0,7.35,0.0,0.0,0.0,0.0,7.59,3106941.2,155986.27,68099.79,0.0,-89863.59,56.85,51.64
363,363,7.97,1560.87,0.06,3.34,3.34,0.0,0.0,0.0,0.0,0.0,4.63,3078332.46,95124.53,68076.66,0.0,-28608.74,56.85,51.64
364,364,8.71,1977.1,0.03,1.7,0.0,1.7,0.0,0.0,0.0,0.0,8.71,2965408.31,179000.58,68053.53,0.0,-112924.15,56.85,51.64
365,365,9.71,3017.68,0.03,1.7,0.0,1.7,0.02,1.01,1.01,0.0,8.7,2851639.08,178781.96,68030.41,0.0,-113769.23,56.85,51.64
366,366,10.83,5775.22,0.06,3.68,0.0,3.68,0.14,7.4,7.4,0.0,3.43,2843393.17,70477.98,68007.28,0.0,-8245.92,56.85,51.64
367,367,11.7,7180.01,0.12,6.83,0.0,6.83,0.27,14.2,11.7,2.5,0.0,2904197.32,0.0,67984.16,0.0,60804.15,56.85,51.64
368,368,11.95,7544.21,0.18,10.25,0.0,10.25,0.39,19.91,11.95,7.96,0.0,2964614.14,0.0,67961.03,0.0,60416.82,56.85,51.64
369,369,12.32,7023.92,0.27,15.2,12.32,2.88,0.46,23.77,0.0,23.77,0.0,3025528.12,0.0,67937.9,0.0,60913.98,56.85,51.64
370,370,11.95,5983.34,0.47,26.85,0.0,26.85,0.5,25.81,11.95,13.86,0.0,3087459.56,0.0,67914.78,0.0,61931.44,56.85,51.64
371,371,11.7,5358.99,0.68,38.83,0.0,38.83,0.5,25.7,11.7,14.0,0.0,3149992.22,0.0,67891.65,0.0,62532.66,56.85,51.64
372,372,12.32,5150.87,0.77,43.71,0.0,43.71,0.45,23.23,12.32,10.9,0.0,3212709.87,0.0,67868.52,0.0,62717.65,56.85,51.64
373,373,12.69,5098.84,0.77,43.71,0.0,43.71,0.37,18.93,0.0,18.93,12.69,3014627.52,260828.9,67845.4,0.0,-198082.35,56.85,51.64
374,374,12.07,5046.82,0.49,27.98,0.0,27.98,0.25,13.08,12.07,1.01,0.0,3077402.98,0.0,67822.27,0.0,62775.45,56.85,51.64
375,375,11.08,4994.79,0.4,22.58,11.08,11.51,0.12,6.28,0.0,6.28,0.0,3140207.33,0.0,67799.14,0.0,62804.36,56.85,51.64
376,376,12.45,5463.05,0.45,25.72,12.45,13.28,0.01,0.68,0.0,0.68,0.0,3202520.3,0.0,67776.02,0.0,62312.97,56.85,51.64
377,377,14.69,6243.48,0.47,26.85,14.69,12.16,0.0,0.0,0.0,0.0,0.0,3264029.71,0.0,67752.89,0.0,61509.41,56.85,51.64
378,378,14.19,7284.06,0.4,22.58,14.19,8.39,0.0,0.0,0.0,0.0,0.0,3324475.41,0.0,67729.76,0.0,60445.7,56.85,51.64
379,379,13.44,7700.3,0.27,15.2,0.0,15.2,0.0,0.0,0.0,0.0,13.44,3108308.92,276172.83,67706.64,0.0,-216166.49,56.85,51.64
380,380,11.7,7388.12,0.2,11.5,11.5,0.0,0.0,0.0,0.0,0.0,0.2,3164593.34,4010.97,67683.51,0.0,56284.42,56.85,51.64
381,381,10.58,6763.77,0.23,12.98,10.58,2.4,0.0,0.0,0.0,0.0,0.0,3225489.95,0.0,67660.38,0.0,60896.61,56.85,51.64
382,382,9.46,5723.19,0.24,13.72,0.0,13.72,0.0,0.0,0.0,0.0,9.46,3093060.51,194343.51,67637.26,0.0,-132429.45,56.85,51.64
383,383,7.97,4162.32,0.23,12.98,7.97,5.02,0.0,0.0,0.0,0.0,0.0,3156512.32,0.0,67614.13,0.0,63451.81,56.85,51.64
384,384,7.84,3642.03,0.09,5.37,5.37,0.0,0.0,0.0,0.0,0.0,2.47,3169792.53,50668.76,67591.0,0.0,13280.22,56.85,51.64
385,385,7.97,2601.45,0.19,10.88,7.97,2.91,0.0,0.0,0.0,0.0,0.0,3234758.96,0.0,67567.88,0.0,64966.43,56.85,51.64
386,386,7.97,1977.1,0.3,16.94,7.97,8.98,0.0,0.0,0.0,0.0,0.0,3300326.61,0.0,67544.75,0.0,65567.65,56.85,51.64
387,387,8.34,1560.87,0.3,16.94,8.34,8.6,0.0,0.0,0.0,0.0,0.0,3366287.36,0.0,67521.63,0.0,65960.75,56.85,51.64
388,388,8.84,1977.1,0.24,13.72,0.0,13.72,0.0,0.0,0.0,0.0,8.84,3250251.06,181557.7,67498.5,0.0,-116036.3,56.85,51.64
389,389,9.33,3017.68,0.18,10.25,9.33,0.92,0.02,1.03,0.0,1.03,0.0,3314708.75,0.0,67475.37,0.0,64457.69,56.85,51.64
390,390,9.96,5775.22,0.16,9.0,0.0,9.0,0.15,7.64,7.64,0.0,2.31,3328838.3,47547.47,67452.25,0.0,14129.55,56.85,51.64
391,391,11.2,7180.01,0.15,8.38,0.0,8.38,0.28,14.55,11.2,3.35,0.0,3389087.42,0.0,67429.12,0.0,60249.11,56.85,51.64
392,392,12.2,7544.21,0.15,8.38,0.0,8.38,0.39,20.18,12.2,7.98,0.0,3448949.2,0.0,67405.99,0.0,59861.78,56.85,51.64
393,393,12.57,7023.92,0.18,10.25,10.25,0.0,0.47,24.01,0.0,24.01,2.32,3461698.01,47610.14,67382.87,0.0,12748.81,56.85,51.64
394,394,11.95,5983.34,0.31,17.81,0.0,17.81,0.5,25.92,11.95,13.97,0.0,3523074.41,0.0,67359.74,0.0,61376.4,56.85,51.64
395,395,12.45,5358.99,0.68,38.83,0.0,38.83,0.5,25.59,12.45,13.15,0.0,3585052.04,0.0,67336.61,0.0,61977.62,56.85,51.64
396,396,12.82,5150.87,0.91,51.93,0.0,51.93,0.45,23.09,0.0,23.09,12.82,3383828.43,263386.22,67313.49,0.0,-201223.61,56.85,51.64
397,397,12.57,5098.84,0.97,54.92,12.57,42.35,0.35,18.09,0.0,18.09,0.0,3446019.95,0.0,67290.36,0.0,62191.52,56.85,51.64
398,398,12.32,5046.82,0.98,55.55,12.32,43.23,0.22,11.18,0.0,11.18,0.0,3508240.36,0.0,67267.23,0.0,62220.42,56.85,51.64
399,399,11.33,4994.79,0.96,54.6,11.33,43.27,0.09,4.41,0.0,4.41,0.0,3570489.69,0.0,67244.11,0.0,62249.32,56.85,51.64
400,400,12.45,5463.05,0.87,49.57,12.45,37.13,0.01,0.49,0.0,0.49,0.0,3632247.62,0.0,67220.98,0.0,61757.93,56.85,51.64
401,401,14.06,6243.48,0.77,43.71,14.06,29.65,0.0,0.0,0.0,0.0,0.0,3693201.99,0.0,67197.85,0.0,60954.37,56.85,51.64
402,402,14.56,7284.06,0.64,36.29,0.0,36.29,0.0,0.0,0.0,0.0,14.56,3453905.92,299186.74,67174.73,0.0,-239296.07,56.85,51.64
403,403,13.07,7700.3,0.57,32.65,13.07,19.59,0.0,0.0,0.0,0.0,0.0,3513357.23,0.0,67151.6,0.0,59451.31,56.85,51.64
404,404,11.82,7388.12,0.55,31.44,11.82,19.62,0.0,0.0,0.0,0.0,0.0,3573097.58,0.0,67128.48,0.0,59740.35,56.85,51.64
405,405,10.7,6763.77,0.34,19.56,10.7,8.85,0.0,0.0,0.0,0.0,0.0,3633439.16,0.0,67105.35,0.0,60341.58,56.85,51.64
406,406,9.33,5723.19,0.28,16.07,0.0,16.07,0.0,0.0,0.0,0.0,9.33,3503011.8,191786.39,67082.22,0.0,-130427.36,56.85,51.64
407,407,8.21,4162.32,0.24,13.72,0.0,13.72,0.0,0.0,0.0,0.0,8.21,3397136.68,168771.89,67059.1,0.0,-105875.11,56.85,51.64
408,408,8.09,3642.03,0.14,7.86,7.86,0.0,0.0,0.0,0.0,0.0,0.23,3455835.94,4694.68,67035.97,0.0,58699.25,56.85,51.64
409,409,7.97,2601.45,0.49,27.98,7.97,20.01,0.0,0.0,0.0,0.0,0.0,3520247.33,0.0,67012.84,0.0,64411.39,56.85,51.64
410,410,8.09,1977.1,0.6,33.87,8.09,25.78,0.0,0.0,0.0,0.0,0.0,3585259.94,0.0,66989.72,0.0,65012.61,56.85,51.64
411,411,8.21,1560.87,0.57,32.65,8.21,24.44,0.0,0.0,0.0,0.0,0.0,3650665.66,0.0,66966.59,0.0,65405.72,56.85,51.64
412,412,8.84,1977.1,0.55,31.44,8.84,22.6,0.0,0.0,0.0,0.0,0.0,3715632.02,0.0,66943.46,0.0,64966.36,56.85,51.64
413,413,9.33,3017.68,0.51,29.1,9.33,19.77,0.02,0.84,0.0,0.84,0.0,3779534.67,0.0,66920.34,0.0,63902.65,56.85,51.64
414,414,10.33,5775.22,0.49,27.98,0.0,27.98,0.12,6.39,0.0,6.39,10.33,3628412.89,212243.77,66897.21,0.0,-151121.78,56.85,51.64
415,415,11.45,7180.01,0.55,31.44,0.0,31.44,0.26,13.6,11.45,2.15,0.0,3688106.97,0.0,66874.08,0.0,59694.08,56.85,51.64
416,416,12.45,7544.21,0.68,38.83,0.0,38.83,0.38,19.83,12.45,7.38,0.0,3747413.72,0.0,66850.96,0.0,59306.75,56.85,51.64
417,417,12.69,7023.92,0.81,45.86,0.0,45.86,0.47,24.04,12.69,11.35,0.0,3807217.63,0.0,66827.83,0.0,59803.91,56.85,51.64
418,418,12.2,5983.34,1.0,56.81,12.2,44.61,0.5,25.92,0.0,25.92,0.0,3868039.0,0.0,66804.7,0.0,60821.37,56.85,51.64
419,419,11.95,5358.99,1.0,56.85,0.0,56.85,0.49,25.54,0.0,25.54,11.95,3683974.63,245486.96,66781.58,0.0,-184064.37,56.85,51.64
420,420,12.94,5150.87,1.0,56.85,12.94,43.91,0.44,22.87,0.0,22.87,0.0,3745582.2,0.0,66758.45,0.0,61607.58,56.85,51.64
421,421,12.69,5098.84,1.0,56.81,12.69,44.11,0.31,16.26,0.0,16.26,0.0,3807218.68,0.0,66735.32,0.0,61636.48,56.85,51.64
422,422,12.2,5046.82,0.97,55.24,3.11,52.12,0.18,9.08,9.08,0.0,0.0,3868884.07,0.0,66712.2,0.0,61665.38,56.85,51.64
423,423,11.7,4994.79,0.89,50.36,11.7,38.66,0.08,4.05,0.0,4.05,0.0,3930578.35,0.0,66689.07,0.0,61694.29,56.85,51.64
424,424,12.82,5463.05,0.75,42.64,12.82,29.82,0.01,0.46,0.0,0.46,0.0,3991781.25,0.0,66665.95,0.0,61202.9,56.85,51.64
425,425,14.69,6243.48,0.57,32.65,0.0,32.65,0.0,0.0,0.0,0.0,14.69,3750436.53,301744.06,66642.82,0.0,-241344.72,56.85,51.64
426,426,14.31,7284.06,0.43,24.6,14.31,10.29,0.0,0.0,0.0,0.0,0.0,3809772.16,0.0,66619.69,0.0,59335.63,56.85,51.64
427,427,13.57,7700.3,0.4,22.58,13.57,9.02,0.0,0.0,0.0,0.0,0.0,3868668.43,0.0,66596.57,0.0,58896.27,56.85,51.64
428,428,12.45,7388.12,0.34,19.56,12.45,7.11,0.0,0.0,0.0,0.0,0.0,3927853.75,0.0,66573.44,0.0,59185.32,56.85,51.64
429,429,11.33,6763.77,0.3,16.94,11.33,5.62,0.0,0.0,0.0,0.0,0.0,3987640.29,0.0,66550.31,0.0,59786.54,56.85,51.64
430,430,9.21,5723.19,0.28,16.07,0.0,16.07,0.0,0.0,0.0,0.0,9.21,3859215.21,189229.07,66527.19,0.0,-128425.07,56.85,51.64
431,431,8.71,4162.32,0.3,16.94,8.71,8.23,0.0,0.0,0.0,0.0,0.0,3921556.95,0.0,66504.06,0.0,62341.74,56.85,51.64
432,432,8.09,3642.03,0.09,4.95,0.0,4.95,0.0,0.0,0.0,0.0,8.09,3818181.09,166214.76,66480.93,0.0,-103375.86,56.85,51.64
433,433,8.09,2601.45,0.22,12.24,8.09,4.15,0.0,0.0,0.0,0.0,0.0,3882037.45,0.0,66457.81,0.0,63856.36,56.85,51.64
434,434,7.97,1977.1,0.33,18.69,7.97,10.72,0.0,0.0,0.0,0.0,0.0,3946495.02,0.0,66434.68,0.0,64457.58,56.85,51.64
435,435,8.21,1560.87,0.19,10.88,8.21,2.66,0.0,0.0,0.0,0.0,0.0,4011345.71,0.0,66411.55,0.0,64850.68,56.85,51.64
436,436,8.46,1977.1,0.09,4.95,0.0,4.95,0.0,0.0,0.0,0.0,8.46,3901870.7,173886.33,66388.43,0.0,-109475.01,56.85,51.64
437,437,9.58,3017.68,0.03,1.7,1.7,0.0,0.02,0.92,0.92,0.0,6.96,3822284.53,142933.79,66365.3,0.0,-79586.17,56.85,51.64
438,438,9.96,5775.22,0.03,1.43,1.43,0.0,0.13,6.8,6.8,0.0,1.72,3847419.13,35432.35,66342.17,0.0,25134.6,56.85,51.64
439,439,11.2,7180.01,0.05,2.99,0.0,2.99,0.26,13.38,11.2,2.18,0.0,3906558.17,0.0,66319.05,0.0,59139.04,56.85,51.64
440,440,12.32,7544.21,0.07,4.1,0.0,4.1,0.36,18.79,12.32,6.47,0.0,3965309.89,0.0,66295.92,0.0,58751.71,56.85,51.64
441,441,12.69,7023.92,0.13,7.35,0.0,7.35,0.45,23.04,12.69,10.34,0.0,4024558.76,0.0,66272.8,0.0,59248.88,56.85,51.64
442,442,12.94,5983.34,0.31,17.81,0.0,17.81,0.49,25.16,12.94,12.21,0.0,4084825.09,0.0,66249.67,0.0,60266.33,56.85,51.64
443,443,12.69,5358.99,0.49,27.98,0.0,27.98,0.49,25.24,0.0,25.24,12.69,3884863.75,260828.9,66226.54,0.0,-199961.35,56.85,51.64
444,444,12.45,5150.87,0.51,29.1,0.0,29.1,0.44,22.74,12.45,10.29,0.0,3945916.29,0.0,66203.42,0.0,61052.54,56.85,51.64
445,445,12.94,5098.84,0.41,23.59,12.94,10.65,0.36,18.38,0.0,18.38,0.0,4006997.74,0.0,66180.29,0.0,61081.45,56.85,51.64
446,446,12.57,5046.82,0.31,17.81,0.0,17.81,0.23,12.05,12.05,0.0,0.52,4057387.32,10720.76,66157.16,0.0,50389.59,56.85,51.64
447,447,11.33,4994.79,0.3,16.94,11.33,5.62,0.1,5.11,0.0,5.11,0.0,4118526.57,0.0,66134.04,0.0,61139.25,56.85,51.64
448,448,11.7,5463.05,0.43,24.6,11.7,12.9,0.01,0.54,0.0,0.54,0.0,4179174.43,0.0,66110.91,0.0,60647.86,56.85,51.64
449,449,13.57,6243.48,0.55,31.44,0.0,31.44,0.0,0.0,0.0,0.0,13.57,3960288.58,278730.16,66087.78,0.0,-218885.86,56.85,51.64
450,450,14.44,7284.06,0.53,30.23,14.44,15.79,0.0,0.0,0.0,0.0,0.0,4019069.17,0.0,66064.66,0.0,58780.59,56.85,51.64
451,451,13.44,7700.3,0.51,29.1,13.44,15.66,0.0,0.0,0.0,0.0,0.0,4077410.41,0.0,66041.53,0.0,58341.24,56.85,51.64
452,452,12.32,7388.12,0.45,25.72,12.32,13.4,0.0,0.0,0.0,0.0,0.0,4136040.69,0.0,66018.4,0.0,58630.28,56.85,51.64
453,453,11.2,6763.77,0.36,20.57,0.0,20.57,0.0,0.0,0.0,0.0,11.2,3965129.17,230143.03,65995.28,0.0,-170911.52,56.85,51.64
454,454,10.08,5723.19,0.33,18.69,0.0,18.69,0.0,0.0,0.0,0.0,10.08,3818249.0,207129.13,65972.15,0.0,-146880.17,56.85,51.64
455,455,8.96,4162.32,0.33,18.69,8.96,9.73,0.0,0.0,0.0,0.0,0.0,3880035.7,0.0,65949.02,0.0,61786.7,56.85,51.64
456,456,8.09,3642.03,0.13,7.35,0.0,7.35,0.0,0.0,0.0,0.0,8.09,3776104.8,166214.76,65925.9,0.0,-103930.9,56.85,51.64
457,457,7.97,2601.45,0.24,13.72,7.97,5.76,0.0,0.0,0.0,0.0,0.0,3839406.12,0.0,65902.77,0.0,63301.32,56.85,51.64
458,458,8.09,1977.1,0.31,17.81,8.09,9.72,0.0,0.0,0.0,0.0,0.0,3903308.67,0.0,65879.65,0.0,63902.54,56.85,51.64
459,459,8.21,1560.87,0.25,14.46,8.21,6.25,0.0,0.0,0.0,0.0,0.0,3967604.31,0.0,65856.52,0.0,64295.65,56.85,51.64
460,460,8.34,1977.1,0.23,12.98,8.34,4.64,0.0,0.0,0.0,0.0,0.0,4031460.6,0.0,65833.39,0.0,63856.29,56.85,51.64
461,461,8.59,3017.68,0.22,12.24,0.0,12.24,0.02,1.03,0.0,1.03,8.59,3917809.73,176443.46,65810.27,0.0,-113650.87,56.85,51.64
462,462,9.83,5775.22,0.23,12.98,9.83,3.15,0.14,7.45,0.0,7.45,0.0,3977821.65,0.0,65787.14,0.0,60011.92,56.85,51.64
463,463,10.83,7180.01,0.24,13.72,10.83,2.89,0.28,14.39,0.0,14.39,0.0,4036405.66,0.0,65764.01,0.0,58584.01,56.85,51.64
464,464,10.95,7544.21,0.24,13.72,0.0,13.72,0.39,20.26,10.95,9.31,0.0,4094602.33,0.0,65740.89,0.0,58196.68,56.85,51.64
465,465,10.95,7023.92,0.23,12.98,10.95,2.03,0.47,24.2,0.0,24.2,0.0,4153296.18,0.0,65717.76,0.0,58693.84,56.85,51.64
466,466,10.33,5983.34,0.23,12.98,10.33,2.65,0.5,26.03,0.0,26.03,0.0,4213007.47,0.0,65694.63,0.0,59711.3,56.85,51.64
467,467,10.58,5358.99,0.53,30.23,0.0,30.23,0.5,25.65,10.58,15.07,0.0,4273319.99,0.0,65671.51,0.0,60312.52,56.85,51.64
468,468,11.08,5150.87,0.92,52.46,0.0,52.46,0.45,23.04,11.08,11.96,0.0,4333817.5,0.0,65648.38,0.0,60497.51,56.85,51.64
469,469,11.08,5098.84,0.98,55.87,0.0,55.87,0.34,17.57,0.0,17.57,11.08,4166758.2,227585.71,65625.25,0.0,-167059.3,56.85,51.64
470,470,10.7,5046.82,0.99,56.55,0.0,56.55,0.22,11.12,10.7,0.42,0.0,4227313.51,0.0,65602.13,0.0,60555.31,56.85,51.64
471,471,9.96,4994.79,0.99,56.31,0.0,56.31,0.09,4.79,0.0,4.79,9.96,4083325.92,204571.8,65579.0,0.0,-143987.59,56.85,51.64
472,472,10.33,5463.05,0.92,52.46,10.33,42.13,0.01,0.57,0.0,0.57,0.0,4143418.75,0.0,65555.87,0.0,60092.83,56.85,51.64
473,473,11.45,6243.48,0.83,46.93,11.45,35.48,0.0,0.0,0.0,0.0,0.0,4202708.01,0.0,65532.75,0.0,59289.27,56.85,51.64
474,474,12.45,7284.06,0.77,43.71,12.45,31.27,0.0,0.0,0.0,0.0,0.0,4260933.57,0.0,65509.62,0.0,58225.56,56.85,51.64
475,475,13.32,7700.3,0.79,44.79,13.32,31.47,0.0,0.0,0.0,0.0,0.0,4318719.77,0.0,65486.49,0.0,57786.2,56.85,51.64
476,476,13.07,7388.12,0.73,41.37,13.07,28.3,0.0,0.0,0.0,0.0,0.0,4376795.02,0.0,65463.37,0.0,58075.25,56.85,51.64
477,477,11.2,6763.77,0.6,33.87,11.2,22.67,0.0,0.0,0.0,0.0,0.0,4435471.49,0.0,65440.24,0.0,58676.47,56.85,51.64
478,478,10.08,5723.19,0.6,33.87,0.0,33.87,0.0,0.0,0.0,0.0,10.08,4288036.28,207129.13,65417.12,0.0,-147435.2,56.85,51.64
479,479,8.96,4162.32,0.53,30.23,8.96,21.27,0.0,0.0,0.0,0.0,0.0,4349267.95,0.0,65393.99,0.0,61231.67,56.85,51.64
480,480,8.34,3642.03,0.28,16.07,8.34,7.73,0.0,0.0,0.0,0.0,0.0,4410996.78,0.0,65370.86,0.0,61728.83,56.85,51.64
481,481,8.21,2601.45,0.66,37.56,8.21,29.35,0.0,0.0,0.0,0.0,0.0,4473743.07,0.0,65347.74,0.0,62746.28,56.85,51.64
482,482,8.09,1977.1,0.71,40.1,8.09,32.01,0.0,0.0,0.0,0.0,0.0,4537090.57,0.0,65324.61,0.0,63347.51,56.85,51.64
483,483,8.09,1560.87,0.55,31.44,0.0,31.44,0.0,0.0,0.0,0.0,8.09,4434616.42,166214.76,65301.48,0.0,-102474.15,56.85,51.64
484,484,8.21,1977.1,0.47,26.85,0.0,26.85,0.0,0.0,0.0,0.0,8.21,4329145.79,168771.89,65278.36,0.0,-105470.63,56.85,51.64
485,485,8.21,3017.68,0.49,27.98,8.21,19.76,0.02,1.09,0.0,1.09,0.0,4391383.33,0.0,65255.23,0.0,62237.55,56.85,51.64
486,486,8.34,5775.22,0.55,31.44,8.34,23.1,0.15,7.51,0.0,7.51,0.0,4450840.22,0.0,65232.1,0.0,59456.88,56.85,51.64
487,487,8.84,7180.01,0.57,32.65,0.0,32.65,0.27,14.11,8.84,5.28,0.0,4508869.19,0.0,65208.98,0.0,58028.97,56.85,51.64
488,488,8.84,7544.21,0.55,31.44,0.0,31.44,0.38,19.69,0.0,19.69,8.84,4384953.13,181557.7,65185.85,0.0,-123916.06,56.85,51.64
489,489,8.96,7023.92,0.47,26.85,0.0,26.85,0.46,23.58,8.96,14.62,0.0,4443091.94,0.0,65162.72,0.0,58138.81,56.85,51.64
490,490,8.71,5983.34,0.73,41.37,0.0,41.37,0.49,25.46,8.71,16.74,0.0,4502248.2,0.0,65139.6,0.0,59156.26,56.85,51.64
491,491,8.46,5358.99,0.97,54.92,0.0,54.92,0.49,25.1,8.46,16.64,0.0,4562005.68,0.0,65116.47,0.0,59757.48,56.85,51.64
492,492,8.34,5150.87,1.0,56.85,0.0,56.85,0.43,22.38,8.34,14.04,0.0,4621948.15,0.0,65093.34,0.0,59942.47,56.85,51.64
493,493,8.71,5098.84,1.0,56.85,0.0,56.85,0.34,17.81,8.71,9.1,0.0,4681919.52,0.0,65070.22,0.0,59971.37,56.85,51.64
494,494,8.84,5046.82,1.0,56.82,0.0,56.82,0.23,11.8,8.84,2.97,0.0,4741919.8,0.0,65047.09,0.0,60000.28,56.85,51.64
495,495,9.21,4994.79,0.99,56.43,9.21,47.22,0.1,5.19,0.0,5.19,0.0,4801948.98,0.0,65023.97,0.0,60029.18,56.85,51.64
496,496,9.58,5463.05,0.98,55.55,9.58,45.97,0.01,0.54,0.0,0.54,0.0,4861486.77,0.0,65000.84,0.0,59537.79,56.85,51.64
497,497,12.69,6243.48,0.94,53.53,12.69,40.84,0.0,0.0,0.0,0.0,0.0,4920221.0,0.0,64977.71,0.0,58734.23,56.85,51.64
498,498,13.44,7284.06,0.83,46.93,13.44,33.49,0.0,0.0,0.0,0.0,0.0,4977891.52,0.0,64954.59,0.0,57670.52,56.85,51.64
499,499,12.94,7700.3,0.66,37.56,0.0,37.56,0.0,0.0,0.0,0.0,12.94,4769179.14,265943.54,64931.46,0.0,-208712.38,56.85,51.64
