;Hour;Energy Demand;Water Demand;Factor Wind;Wind Output;Wind Usage;Wind Over;Factor PV;PV Output;PV Usage;PV Over;Dam Output;Storage;Turbine Water;River;Water Balance;Valve;Installed Wind;Installed PV;Valve_nan
1800;1800;8,91;3642,03;0,3;16,94;8,91;8,03;0,0;0,0;0,0;0,0;0,0;5604268,1;0,0;49688,9;46046,87;0,0;56,85;51,64;
1801;1801;8,77;2601,45;0,28;16,07;8,77;7,3;0,0;0,0;0,0;0,0;0,0;5651354,09;0,0;49687,44;47085,98;0,0;56,85;51,64;
1802;1802;8,91;1977,1;0,16;9,0;8,91;0,09;0,0;0,0;0,0;0,0;0,0;5699062,95;0,0;49685,97;47708,86;0,0;56,85;51,64;
1803;1803;9,05;1560,87;0,06;3,68;3,68;0,0;0,0;0,0;0,0;0,0;5,37;5636815,82;110370,76;49684,5;-62247,13;0,0;56,85;51,64;
1804;1804;9,19;1977,1;0,0;0,0;0,0;0,0;0,0;0,0;0,0;0,0;9,19;5495791,96;188729,79;49683,03;-141023,86;0,0;56,85;51,64;
1805;1805;9,46;3017,68;0,0;0,0;0,0;0,0;0,04;1,93;0,0;1,93;9,46;5348092,34;194363,49;49681,56;-147699,61;0,0;56,85;51,64;
1806;1806;10,83;5775,22;0,0;0,0;0,0;0,0;0,14;7,34;7,34;0,0;3,49;5320341,69;71655,52;49680,09;-27750,65;0,0;56,85;51,64;
1807;1807;11,93;7180,01;0,0;0,0;0,0;0,0;0,26;13,44;11,93;1,51;0,0;5362840,31;0,0;49678,63;42498,62;0,0;56,85;51,64;
1808;1808;12,06;7544,21;0,01;0,63;0,0;0,63;0,36;18,49;12,06;6,43;0,0;5404973,26;0,0;49677,16;42132,95;0,0;56,85;51,64;
1809;1809;12,06;7023,92;0,09;5,37;0,0;5,37;0,4;20,51;12,06;8,44;0,0;5447625,03;0,0;49675,69;42651,77;0,0;56,85;51,64;
1810;1810;11,38;5983,34;0,23;12,98;0,0;12,98;0,4;20,72;11,38;9,34;0,0;5491315,91;0,0;49674,22;43690,88;0,0;56,85;51,64;
1811;1811;11,65;5358,99;0,3;16,94;0,0;16,94;0,37;19,36;11,65;7,71;0,0;5535629,67;0,0;49672,75;44313,76;0,0;56,85;51,64;
1812;1812;12,2;5150,87;0,18;10,25;10,25;0,0;0,31;15,91;1,95;13,96;0,0;5580150,08;0,0;49671,28;44520,41;0,0;56,85;51,64;
1813;1813;12,2;5098,84;0,05;2,65;0,67;1,98;0,22;11,53;11,53;0,0;0,0;5624721,05;0,0;49669,81;44570,97;0,0;56,85;51,64;
1814;1814;11,79;5046,82;0,09;5,37;4,07;1,31;0,15;7,72;7,72;0,0;0,0;5669342,58;0,0;49668,35;44621,53;0,0;56,85;51,64;
1815;1815;10,97;4994,79;0,15;8,38;8,38;0,0;0,08;4,0;2,59;1,41;0,0;5714014,68;0,0;49666,88;44672,09;0,0;56,85;51,64;
1816;1816;11,38;5463,05;0,31;17,81;11,38;6,44;0,02;0,84;0,0;0,84;0,0;5758217,04;0,0;49665,41;44202,36;0,0;56,85;51,64;
1817;1817;12,61;6243,48;0,51;29,1;12,61;16,49;0,0;0,0;0,0;0,0;0,0;5801637,5;0,0;49663,94;43420,46;0,0;56,85;51,64;
1818;1818;13,71;7284,06;0,53;30,23;13,71;16,52;0,0;0,0;0,0;0,0;0,0;5844015,91;0,0;49662,47;42378,41;0,0;56,85;51,64;
1819;1819;14,67;7700,3;0,43;24,6;14,67;9,93;0,0;0,0;0,0;0,0;0,0;5885976,62;0,0;49661,0;41960,71;0,0;56,85;51,64;
1820;1820;14,39;7388,12;0,38;21,57;14,39;7,18;0,0;0,0;0,0;0,0;0,0;5928248,03;0,0;49659,54;42271,42;0,0;56,85;51,64;
1821;1821;12,34;6763,77;0,31;17,81;12,34;5,48;0,0;0,0;0,0;0,0;0,0;5971142,33;0,0;49658,07;42894,3;0,0;56,85;51,64;
1822;1822;11,1;5723,19;0,31;17,81;11,1;6,71;0,0;0,0;0,0;0,0;0,0;6015075,74;0,0;49656,6;43933,41;0,0;56,85;51,64;
1823;1823;9,87;4162,32;0,28;16,07;9,87;6,2;0,0;0,0;0,0;0,0;0,0;6060568,55;0,0;49655,13;45492,81;0,0;56,85;51,64;
1824;1824;9,19;3642,03;0,49;27,98;9,19;18,79;0,0;0,0;0,0;0,0;0,0;6106580,18;0,0;49653,66;46011,63;0,0;56,85;51,64;
1825;1825;9,05;2601,45;0,36;20,57;9,05;11,52;0,0;0,0;0,0;0,0;0,0;6153630,92;0,0;49652,19;47050,74;0,0;56,85;51,64;
1826;1826;8,91;1977,1;0,18;10,25;8,91;1,34;0,0;0,0;0,0;0,0;0,0;6201304,54;0,0;49650,73;47673,62;0,0;56,85;51,64;
1827;1827;8,91;1560,87;0,05;2,99;0,0;2,99;0,0;0,0;0,0;0,0;8,91;6066297,04;183095,89;49649,26;-135007,5;0,0;56,85;51,64;
1828;1828;9,05;1977,1;0,0;0,0;0,0;0,0;0,0;0,0;0,0;0,0;9,05;5928054,79;185912,94;49647,79;-138242,25;0,0;56,85;51,64;
1829;1829;9,05;3017,68;0,0;0,0;0,0;0,0;0,03;1,77;1,77;0,0;7,28;5825092,84;149590,59;49646,32;-102961,95;0,0;56,85;51,64;
1830;1830;9,19;5775,22;0,0;0,0;0,0;0,0;0,13;6,8;6,8;0,0;2,39;5819934,05;49028,43;49644,85;-5158,8;0,0;56,85;51,64;
1831;1831;9,73;7180,01;0,0;0,0;0,0;0,0;0,25;12,76;9,73;3,02;0,0;5862397,43;0,0;49643,38;42463,38;0,0;56,85;51,64;
1832;1832;9,73;7544,21;0,0;0,0;0,0;0,0;0,35;18,11;9,73;8,38;0,0;5904495,13;0,0;49641,92;42097,71;0,0;56,85;51,64;
1833;1833;9,87;7023,92;0,02;1,16;0,0;1,16;0,41;21,32;9,87;11,45;0,0;5947111,66;0,0;49640,45;42616,53;0,0;56,85;51,64;
1834;1834;9,6;5983,34;0,11;6,31;0,0;6,31;0,46;23,58;9,6;13,98;0,0;5990767,31;0,0;49638,98;43655,64;0,0;56,85;51,64;
1835;1835;9,32;5358,99;0,33;18,69;9,32;9,36;0,46;23,5;0,0;23,5;0,0;6035045,83;0,0;49637,51;44278,52;0,0;56,85;51,64;
1836;1836;9,19;5150,87;0,4;22,58;9,19;13,4;0,39;19,91;0,0;19,91;0,0;6079531,0;0,0;49636,04;44485,17;0,0;56,85;51,64;
1837;1837;9,6;5098,84;0,22;12,24;0,0;12,24;0,3;15,64;0,0;15,64;9,6;5926886,39;197180,34;49634,57;-152644,61;0,0;56,85;51,64;
1838;1838;9,73;5046,82;0,05;2,65;0,0;2,65;0,2;10,25;9,73;0,52;0,0;5971472,68;0,0;49633,11;44586,29;0,0;56,85;51,64;
1839;1839;10,14;4994,79;0,08;4,53;4,53;0,0;0,09;4,87;0,0;4,87;5,62;5900648,75;115460,77;49631,64;-70823,92;0,0;56,85;51,64;
1840;1840;10,56;5463,05;0,09;4,95;4,95;0,0;0,02;1,01;1,01;0,0;4,6;5850302,15;94513,73;49630,17;-50346,61;0,0;56,85;51,64;
1841;1841;13,98;6243,48;0,24;13,72;13,72;0,0;0,0;0,0;0,0;0,0;0,26;5888288,5;5398,87;49628,7;37986,35;0,0;56,85;51,64;
1842;1842;14,81;7284,06;0,79;44,79;14,81;29,98;0,0;0,0;0,0;0,0;0,0;5930631,67;0,0;49627,23;42343,17;0,0;56,85;51,64;
1843;1843;14,26;7700,3;0,81;45,86;14,26;31,6;0,0;0,0;0,0;0,0;0,0;5972557,14;0,0;49625,76;41925,47;0,0;56,85;51,64;
1844;1844;13,02;7388,12;0,64;36,29;13,02;23,27;0,0;0,0;0,0;0,0;0,0;6014793,31;0,0;49624,3;42236,17;0,0;56,85;51,64;
1845;1845;11,93;6763,77;0,55;31,44;11,93;19,51;0,0;0,0;0,0;0,0;0,0;6057652,37;0,0;49622,83;42859,05;0,0;56,85;51,64;
1846;1846;10,42;5723,19;0,43;24,6;10,42;14,18;0,0;0,0;0,0;0,0;0,0;6101550,54;0,0;49621,36;43898,17;0,0;56,85;51,64;
1847;1847;9,19;4162,32;0,3;16,94;9,19;7,76;0,0;0,0;0,0;0,0;0,0;6147008,11;0,0;49619,89;45457,57;0,0;56,85;51,64;
1848;1848;8,36;3642,03;0,43;24,6;8,36;16,24;0,0;0,0;0,0;0,0;0,0;6192984,5;0,0;49618,42;45976,39;0,0;56,85;51,64;
1849;1849;8,64;2601,45;0,24;13,72;8,64;5,08;0,0;0,0;0,0;0,0;0,0;6240000,0;0,0;49616,95;47015,5;0,0;56,85;51,64;
1850;1850;9,32;1977,1;0,06;3,68;3,68;0,0;0,0;0,0;0,0;0,0;5,65;6171633,92;116004,46;49615,49;-68366,08;0,0;56,85;51,64;
1851;1851;10,42;1560,87;0,0;0,0;0,0;0,0;0,0;0,0;0,0;0,0;10,42;6005605,22;214081,85;49614,02;-166028,7;0,0;56,85;51,64;
1852;1852;11,65;1977,1;0,0;0,0;0,0;0,0;0,0;0,0;0,0;0,0;11,65;5813807,37;239433,3;49612,55;-191797,86;0,0;56,85;51,64;
1853;1853;12,48;3017,68;0,0;0,0;0,0;0,0;0,04;1,93;1,93;0,0;10,54;5643742,35;216658,42;49611,08;-170065,02;0,0;56,85;51,64;
1854;1854;12,89;5775,22;0,0;0,0;0,0;0,0;0,14;7,45;7,45;0,0;5,43;5575904,67;111672,06;49609,61;-67837,67;0,0;56,85;51,64;
1855;1855;13,44;7180,01;0,0;0,0;0,0;0,0;0,26;13,68;13,44;0,24;0,0;5618332,81;0,0;49608,14;42428,14;0,0;56,85;51,64;
1856;1856;13,02;7544,21;0,0;0,0;0,0;0,0;0,37;19,17;13,02;6,15;0,0;5660395,28;0,0;49606,68;42062,47;0,0;56,85;51,64;
1857;1857;12,89;7023,92;0,0;0,0;0,0;0,0;0,4;20,45;12,89;7,56;0,0;5702976,57;0,0;49605,21;42581,29;0,0;56,85;51,64;
1858;1858;12,89;5983,34;0,0;0,0;0,0;0,0;0,43;22,41;12,89;9,52;0,0;5746596,97;0,0;49603,74;43620,4;0,0;56,85;51,64;
1859;1859;13,85;5358,99;0,04;2,31;0,0;2,31;0,43;22,25;13,85;8,4;0,0;5790840,25;0,0;49602,27;44243,28;0,0;56,85;51,64;
1860;1860;13,44;5150,87;0,09;5,37;0,0;5,37;0,37;19,17;13,44;5,74;0,0;5835290,18;0,0;49600,8;44449,93;0,0;56,85;51,64;
1861;1861;12,48;5098,84;0,13;7,35;0,0;7,35;0,29;15,23;12,48;2,75;0,0;5879790,67;0,0;49599,33;44500,49;0,0;56,85;51,64;
1862;1862;12,34;5046,82;0,15;8,38;2,0;6,37;0,2;10,33;10,33;0,0;0,0;5924341,72;0,0;49597,87;44551,05;0,0;56,85;51,64;
1863;1863;12,34;4994,79;0,13;7,35;7,35;0,0;0,1;5,11;4,99;0,12;0,0;5968943,34;0,0;49596,4;44601,61;0,0;56,85;51,64;
1864;1864;13,57;5463,05;0,06;3,34;0,0;3,34;0,02;1,03;1,03;0,0;12,54;5755439,82;257635,4;49594,93;-213503,52;0,0;56,85;51,64;
1865;1865;14,81;6243,48;0,0;0,0;0,0;0,0;0,0;0,0;0,0;0,0;14,81;5494568,33;304221,47;49593,46;-260871,49;0,0;56,85;51,64;
1866;1866;16,31;7284,06;0,06;3,68;3,68;0,0;0,0;0,0;0,0;0,0;12,64;5277211,41;259664,84;49591,99;-217356,91;0,0;56,85;51,64;
1867;1867;15,77;7700,3;0,12;6,83;6,83;0,0;0,0;0,0;0,0;0,0;8,94;5135499,94;183601,7;49590,52;-141711,47;0,0;56,85;51,64;
1868;1868;14,53;7388,12;0,14;7,86;7,86;0,0;0,0;0,0;0,0;0,0;6,67;5040633,59;137067,28;49589,06;-94866,35;0,0;56,85;51,64;
1869;1869;13,02;6763,77;0,22;12,24;12,24;0,0;0,0;0,0;0,0;0,0;0,78;5067403,27;16054,14;49587,59;26769,67;0,0;56,85;51,64;
1870;1870;11,79;5723,19;0,31;17,81;11,79;6,02;0,0;0,0;0,0;0,0;0,0;5111266,2;0,0;49586,12;43862,93;0,0;56,85;51,64;
1871;1871;8,77;4162,32;0,31;17,81;8,77;9,04;0,0;0,0;0,0;0,0;0,0;5156688,52;0,0;49584,65;45422,33;0,0;56,85;51,64;
1872;1872;8,5;3642,03;0,18;10,25;8,5;1,75;0,0;0,0;0,0;0,0;0,0;5202629,68;0,0;49583,18;45941,15;0,0;56,85;51,64;
1873;1873;8,36;2601,45;0,1;5,8;5,8;0,0;0,0;0,0;0,0;0,0;2,56;5196935,61;52674,33;49581,71;-5694,07;0,0;56,85;51,64;
1874;1874;8,36;1977,1;0,0;0,0;0,0;0,0;0,0;0,0;0,0;0,0;8,36;5072710,27;171828,49;49580,25;-124225,34;0,0;56,85;51,64;
1875;1875;8,77;1560,87;0,0;0,0;0,0;0,0;0,0;0,0;0,0;0,0;8,77;4940449,13;180279,04;49578,78;-132261,13;0,0;56,85;51,64;
1876;1876;9,6;1977,1;0,0;0,0;0,0;0,0;0,0;0,0;0,0;0,0;9,6;4790869,0;197180,34;49577,31;-149580,14;0,0;56,85;51,64;
1877;1877;10,69;3017,68;0,0;0,0;0,0;0,0;0,03;1,33;1,33;0,0;9,36;4645092,67;192334,48;49575,84;-145776,32;0,0;56,85;51,64;
1878;1878;11,93;5775,22;0,05;2,99;2,99;0,0;0,11;5,49;5,49;0,0;3,44;4618227,17;70664,66;49574,37;-26865,51;0,0;56,85;51,64;
1879;1879;12,89;7180,01;0,2;11,5;2,42;9,09;0,2;10,47;10,47;0,0;0,0;4660620,07;0,0;49572,9;42392,9;0,0;56,85;51,64;
1880;1880;13,16;7544,21;0,41;23,59;13,16;10,43;0,29;15,2;0,0;15,2;0,0;4702647,29;0,0;49571,44;42027,23;0,0;56,85;51,64;
1881;1881;13,57;7023,92;0,55;31,44;13,57;17,87;0,35;18,06;0,0;18,06;0,0;4745193,34;0,0;49569,97;42546,05;0,0;56,85;51,64;
1882;1882;13,16;5983,34;0,6;33,87;13,16;20,71;0,35;18,17;0,0;18,17;0,0;4788778,5;0,0;49568,5;43585,16;0,0;56,85;51,64;
1883;1883;12,89;5358,99;0,49;27,98;12,89;15,09;0,34;17,46;0,0;17,46;0,0;4832986,55;0,0;49567,03;44208,04;0,0;56,85;51,64;
1884;1884;13,57;5150,87;0,34;19,56;13,57;5,99;0,27;13,84;0,0;13,84;0,0;4877401,23;0,0;49565,56;44414,69;0,0;56,85;51,64;
1885;1885;13,98;5098,84;0,16;9,0;3,27;5,73;0,21;10,72;10,72;0,0;0,0;4921866,48;0,0;49564,09;44465,25;0,0;56,85;51,64;
1886;1886;13,3;5046,82;0,01;0,63;0,63;0,0;0,14;6,99;6,99;0,0;5,68;4849609,35;116772,95;49562,63;-72257,14;0,0;56,85;51,64;
1887;1887;12,2;4994,79;0,0;0,0;0,0;0,0;0,06;3,35;3,35;0,0;8,86;4712207,28;181968,43;49561,16;-137402,06;0,0;56,85;51,64;
1888;1888;13,71;5463,05;0,05;2,65;2,65;0,0;0,01;0,73;0,73;0,0;10,32;4544219,59;212084,34;49559,69;-167987,7;0,0;56,85;51,64;
1889;1889;16,18;6243,48;0,13;7,35;7,35;0,0;0,0;0,0;0,0;0,0;8,83;4406072,95;181461,37;49558,22;-138146,63;0,0;56,85;51,64;
1890;1890;15,63;7284,06;0,17;9,63;9,63;0,0;0,0;0,0;0,0;0,0;6,0;4325035,35;123310,29;49556,75;-81037,6;0,0;56,85;51,64;
1891;1891;14,81;7700,3;0,14;7,86;7,86;0,0;0,0;0,0;0,0;0,0;6,95;4224188,96;142701,38;49555,28;-100846,4;0,0;56,85;51,64;
1892;1892;12,89;7388,12;0,17;9,63;9,63;0,0;0,0;0,0;0,0;0,0;3,26;4199381,37;66973,28;49553,82;-24807,58;0,0;56,85;51,64;
1893;1893;11,65;6763,77;0,22;12,24;11,65;0,59;0,0;0,0;0,0;0,0;0,0;4242169,95;0,0;49552,35;42788,57;0,0;56,85;51,64;
1894;1894;10,42;5723,19;0,25;14,46;10,42;4,04;0,0;0,0;0,0;0,0;0,0;4285997,63;0,0;49550,88;43827,69;0,0;56,85;51,64;
1895;1895;8,77;4162,32;0,2;11,5;8,77;2,73;0,0;0,0;0,0;0,0;0,0;4331384,72;0,0;49549,41;45387,09;0,0;56,85;51,64;
1896;1896;8,64;3642,03;0,49;27,98;8,64;19,34;0,0;0,0;0,0;0,0;0,0;4377290,63;0,0;49547,94;45905,91;0,0;56,85;51,64;
1897;1897;8,77;2601,45;0,71;40,1;8,77;31,33;0,0;0,0;0,0;0,0;0,0;4424235,65;0,0;49546,47;46945,02;0,0;56,85;51,64;
1898;1898;8,77;1977,1;0,51;29,1;8,77;20,33;0,0;0,0;0,0;0,0;0,0;4471803,56;0,0;49545,01;47567,9;0,0;56,85;51,64;
1899;1899;9,19;1560,87;0,28;16,07;9,19;6,89;0,0;0,0;0,0;0,0;0,0;4519786,22;0,0;49543,54;47982,67;0,0;56,85;51,64;
1900;1900;9,73;1977,1;0,12;6,83;6,83;0,0;0,0;0,0;0,0;0,0;2,9;4507691,72;59659,47;49542,07;-12094,51;0,0;56,85;51,64;
1901;1901;10,28;3017,68;0,03;1,97;1,97;0,0;0,03;1,63;1,63;0,0;6,68;4416975,0;137239,63;49540,6;-90716,71;0,0;56,85;51,64;
1902;1902;10,97;5775,22;0,0;0,0;0,0;0,0;0,12;6,23;6,23;0,0;4,74;4363357,31;97381,6;49539,13;-53617,69;0,0;56,85;51,64;
1903;1903;12,34;7180,01;0,0;0,0;0,0;0,0;0,22;11,23;11,23;0,0;1,11;4382985,07;22729,9;49537,66;19627,76;0,0;56,85;51,64;
1904;1904;13,44;7544,21;0,0;0,0;0,0;0,0;0,3;15,39;13,44;1,96;0,0;4424977,05;0,0;49536,2;41991,99;0,0;56,85;51,64;
1905;1905;13,85;7023,92;0,0;0,0;0,0;0,0;0,37;19,31;13,85;5,46;0,0;4467487,86;0,0;49534,73;42510,81;0,0;56,85;51,64;
1906;1906;13,16;5983,34;0,06;3,68;0,0;3,68;0,41;21,1;13,16;7,94;0,0;4511037,78;0,0;49533,26;43549,92;0,0;56,85;51,64;
1907;1907;13,71;5358,99;0,2;11,5;0,0;11,5;0,38;19,72;13,71;6,01;0,0;4555210,59;0,0;49531,79;44172,8;0,0;56,85;51,64;
1908;1908;14,12;5150,87;0,27;15,2;0,0;15,2;0,32;16,62;14,12;2,5;0,0;4599590,03;0,0;49530,32;44379,45;0,0;56,85;51,64;
1909;1909;13,85;5098,84;0,22;12,24;12,24;0,0;0,22;11,5;1,6;9,9;0,0;4644020,04;0,0;49528,85;44430,01;0,0;56,85;51,64;
1910;1910;13,57;5046,82;0,28;16,07;13,57;2,5;0,13;6,8;0,0;6,8;0,0;4688500,61;0,0;49527,39;44480,57;0,0;56,85;51,64;
1911;1911;12,48;4994,79;0,24;13,72;12,48;1,25;0,07;3,75;0,0;3,75;0,0;4733031,74;0,0;49525,92;44531,13;0,0;56,85;51,64;
1912;1912;13,71;5463,05;0,22;12,24;12,24;0,0;0,02;0,98;0,98;0,0;0,49;4767070,75;10022,4;49524,45;34039,01;0,0;56,85;51,64;
1913;1913;15,49;6243,48;0,15;8,38;8,38;0,0;0,0;0,0;0,0;0,0;7,12;4664157,09;146193,16;49522,98;-102913,66;0,0;56,85;51,64;
1914;1914;16,04;7284,06;0,11;6,31;0,0;6,31;0,0;0,0;0,0;0,0;16,04;4376821,62;329572,92;49521,51;-287335,47;0,0;56,85;51,64;
1915;1915;14,39;7700,3;0,08;4,53;4,53;0,0;0,0;0,0;0,0;0,0;9,87;4215858,02;202783,34;49520,04;-160963,6;0,0;56,85;51,64;
1916;1916;13,02;7388,12;0,06;3,68;3,68;0,0;0,0;0,0;0,0;0,0;9,35;4065928,85;192059,63;49518,58;-149929,18;0,0;56,85;51,64;
1917;1917;11,79;6763,77;0,06;3,34;3,34;0,0;0,0;0,0;0,0;0,0;8,45;3934964,94;173717,24;49517,11;-130963,91;0,0;56,85;51,64;
1918;1918;10,28;5723,19;0,06;3,34;3,34;0,0;0,0;0,0;0,0;0,0;6,95;3836025,7;142731,68;49515,64;-98939,24;0,0;56,85;51,64;
1919;1919;9,05;4162,32;0,06;3,34;3,34;0,0;0,0;0,0;0,0;0,0;5,71;3763997,72;117379,83;49514,17;-72027,98;0,0;56,85;51,64;
1920;1920;8,91;3642,03;0,25;14,46;8,91;5,55;0,0;0,0;0,0;0,0;0,0;3809868,39;0,0;49512,7;45870,67;0,0;56,85;51,64;
1921;1921;8,77;2601,45;0,34;19,56;8,77;10,78;0,0;0,0;0,0;0,0;0,0;3856778,17;0,0;49511,23;46909,78;0,0;56,85;51,64;
1922;1922;8,91;1977,1;0,23;12,98;8,91;4,07;0,0;0,0;0,0;0,0;0,0;3904310,83;0,0;49509,77;47532,66;0,0;56,85;51,64;
1923;1923;9,05;1560,87;0,14;7,86;7,86;0,0;0,0;0,0;0,0;0,0;1,19;3927865,4;24392,86;49508,3;23554,57;0,0;56,85;51,64;
1924;1924;9,73;1977,1;0,05;2,99;2,99;0,0;0,0;0,0;0,0;0,0;6,74;3836922,58;138472,55;49506,83;-90942,83;0,0;56,85;51,64;
1925;1925;10,28;3017,68;0,0;0,0;0,0;0,0;0,03;1,5;1,5;0,0;8,79;3702879,76;180530,5;49505,36;-134042,82;0,0;56,85;51,64;
1926;1926;11,38;5775,22;0,0;0,0;0,0;0,0;0,11;5,74;5,74;0,0;5,64;3630717,18;115891,25;49503,89;-72162,58;0,0;56,85;51,64;
1927;1927;12,61;7180,01;0,0;0,0;0,0;0,0;0,21;10,72;10,72;0,0;1,9;3634058,29;38981,31;49502,42;3341,11;0,0;56,85;51,64;
1928;1928;13,71;7544,21;0,0;0,0;0,0;0,0;0,28;14,5;13,71;0,79;0,0;3676015,03;0,0;49500,95;41956,75;0,0;56,85;51,64;
1929;1929;13,98;7023,92;0,0;0,0;0,0;0,0;0,34;17,46;13,98;3,48;0,0;3718490,6;0,0;49499,49;42475,57;0,0;56,85;51,64;
1930;1930;13,44;5983,34;0,12;6,83;0,0;6,83;0,36;18,71;13,44;5,28;0,0;3762005,28;0,0;49498,02;43514,68;0,0;56,85;51,64;
1931;1931;13,16;5358,99;0,28;16,07;0,0;16,07;0,34;17,32;13,16;4,16;0,0;3806142,84;0,0;49496,55;44137,56;0,0;56,85;51,64;
1932;1932;14,26;5150,87;0,1;5,8;0,0;5,8;0,31;15,83;14,26;1,57;0,0;3850487,05;0,0;49495,08;44344,21;0,0;56,85;51,64;
1933;1933;13,98;5098,84;0,09;4,95;0,33;4,62;0,26;13,65;13,65;0,0;0,0;3894881,82;0,0;49493,61;44394,77;0,0;56,85;51,64;
1934;1934;13,44;5046,82;0,11;6,31;4,05;2,26;0,18;9,38;9,38;0,0;0,0;3939327,15;0,0;49492,14;44445,33;0,0;56,85;51,64;
1935;1935;12,89;4994,79;0,09;5,37;5,37;0,0;0,11;5,44;5,44;0,0;2,07;3941231,14;42591,9;49490,68;1903,99;0,0;56,85;51,64;
1936;1936;14,12;5463,05;0,06;3,34;3,34;0,0;0,02;1,06;1,06;0,0;9,72;3785447,61;199809,69;49489,21;-155783,53;0,0;56,85;51,64;
1937;1937;16,18;6243,48;0,06;3,34;3,34;0,0;0,0;0,0;0,0;0,0;12,84;3564835,0;263856,86;49487,74;-220612,6;0,0;56,85;51,64;
1938;1938;15,77;7284,06;0,12;6,83;6,83;0,0;0,0;0,0;0,0;0,0;8,94;3423435,51;183601,7;49486,27;-141399,49;0,0;56,85;51,64;
1939;1939;14,94;7700,3;0,19;10,88;10,88;0,0;0,0;0,0;0,0;0,0;4,07;3381692,9;83527,12;49484,8;-41742,61;0,0;56,85;51,64;
1940;1940;13,71;7388,12;0,27;15,2;13,71;1,49;0,0;0,0;0,0;0,0;0,0;3423788,11;0,0;49483,33;42095,21;0,0;56,85;51,64;
1941;1941;12,48;6763,77;0,3;16,94;12,48;4,47;0,0;0,0;0,0;0,0;0,0;3466506,21;0,0;49481,87;42718,09;0,0;56,85;51,64;
1942;1942;10,14;5723,19;0,25;14,46;10,14;4,31;0,0;0,0;0,0;0,0;0,0;3510263,41;0,0;49480,4;43757,21;0,0;56,85;51,64;
1943;1943;9,6;4162,32;0,16;9,0;9,0;0,0;0,0;0,0;0,0;0,0;0,59;3543361,2;12218,82;49478,93;33097,79;0,0;56,85;51,64;
1944;1944;8,91;3642,03;0,34;19,56;8,91;10,65;0,0;0,0;0,0;0,0;0,0;3589196,63;0,0;49477,46;45835,43;0,0;56,85;51,64;
1945;1945;8,91;2601,45;0,41;23,59;8,91;14,68;0,0;0,0;0,0;0,0;0,0;3636071,17;0,0;49475,99;46874,54;0,0;56,85;51,64;
1946;1946;8,77;1977,1;0,33;18,69;8,77;9,91;0,0;0,0;0,0;0,0;0,0;3683568,59;0,0;49474,52;47497,42;0,0;56,85;51,64;
1947;1947;9,05;1560,87;0,23;12,98;9,05;3,93;0,0;0,0;0,0;0,0;0,0;3731480,78;0,0;49473,06;47912,19;0,0;56,85;51,64;
1948;1948;9,32;1977,1;0,15;8,38;8,38;0,0;0,0;0,0;0,0;0,0;0,95;3759540,18;19435,08;49471,59;28059,41;0,0;56,85;51,64;
1949;1949;10,56;3017,68;0,09;4,95;4,95;0,0;0,04;2,28;2,28;0,0;3,32;3737742,75;68249,87;49470,12;-21797,44;0,0;56,85;51,64;
1950;1950;10,97;5775,22;0,04;2,31;2,31;0,0;0,16;8,46;8,46;0,0;0,2;3777382,53;4053,65;49468,65;39639,78;0,0;56,85;51,64;
1951;1951;12,34;7180,01;0,0;0,0;0,0;0,0;0,3;15,28;12,34;2,95;0,0;3819669,71;0,0;49467,18;42287,18;0,0;56,85;51,64;
1952;1952;13,57;7544,21;0,0;0,0;0,0;0,0;0,41;21,16;13,57;7,59;0,0;3861591,21;0,0;49465,71;41921,51;0,0;56,85;51,64;
1953;1953;13,98;7023,92;0,0;0,0;0,0;0,0;0,5;25,56;13,98;11,58;0,0;3904031,54;0,0;49464,25;42440,33;0,0;56,85;51,64;
1954;1954;14,26;5983,34;0,0;0,0;0,0;0,0;0,54;27,66;14,26;13,4;0,0;3947510,98;0,0;49462,78;43479,44;0,0;56,85;51,64;
1955;1955;13,98;5358,99;0,0;0,0;0,0;0,0;0,53;27,47;13,98;13,48;0,0;3991613,3;0,0;49461,31;44102,32;0,0;56,85;51,64;
1956;1956;13,71;5150,87;0,05;2,65;0,0;2,65;0,48;24,86;13,71;11,15;0,0;4035922,27;0,0;49459,84;44308,97;0,0;56,85;51,64;
1957;1957;14,26;5098,84;0,16;9,0;0,0;9,0;0,39;20,29;14,26;6,03;0,0;4080281,8;0,0;49458,37;44359,53;0,0;56,85;51,64;
1958;1958;13,85;5046,82;0,24;13,72;0,0;13,72;0,27;14,17;13,85;0,32;0,0;4124691,89;0,0;49456,9;44410,09;0,0;56,85;51,64;
1959;1959;12,48;4994,79;0,23;12,98;12,48;0,51;0,14;7,23;0,0;7,23;0,0;4169152,54;0,0;49455,44;44460,65;0,0;56,85;51,64;
1960;1960;12,89;5463,05;0,3;16,94;12,89;4,06;0,03;1,5;0,0;1,5;0,0;4213143,46;0,0;49453,97;43990,92;0,0;56,85;51,64;
1961;1961;14,94;6243,48;0,31;17,81;14,94;2,87;0,0;0,0;0,0;0,0;0,0;4256352,48;0,0;49452,5;43209,02;0,0;56,85;51,64;
1962;1962;15,9;7284,06;0,25;14,46;14,46;0,0;0,0;0,0;0,0;0,0;1,44;4268870,18;29649,26;49451,03;12517,71;0,0;56,85;51,64;
1963;1963;14,81;7700,3;0,19;10,88;10,88;0,0;0,0;0,0;0,0;0,0;3,93;4229909,38;80710,07;49449,56;-38960,8;0,0;56,85;51,64;
1964;1964;13,57;7388,12;0,2;11,5;11,5;0,0;0,0;0,0;0,0;0,0;2,07;4229460,7;42508,66;49448,09;-448,68;0,0;56,85;51,64;
1965;1965;12,34;6763,77;0,23;12,98;12,34;0,64;0,0;0,0;0,0;0,0;0,0;4272143,55;0,0;49446,63;42682,85;0,0;56,85;51,64;
1966;1966;11,1;5723,19;0,2;11,5;11,1;0,4;0,0;0,0;0,0;0,0;0,0;4315865,52;0,0;49445,16;43721,97;0,0;56,85;51,64;
1967;1967;9,87;4162,32;0,13;7,35;7,35;0,0;0,0;0,0;0,0;0,0;2,53;4309261,84;51885,04;49443,69;-6603,68;0,0;56,85;51,64;
1968;1968;8,91;3642,03;0,28;16,07;8,91;7,16;0,0;0,0;0,0;0,0;0,0;4355062,03;0,0;49442,22;45800,19;0,0;56,85;51,64;
1969;1969;8,77;2601,45;0,27;15,2;8,77;6,42;0,0;0,0;0,0;0,0;0,0;4401901,33;0,0;49440,75;46839,3;0,0;56,85;51,64;
1970;1970;8,91;1977,1;0,16;9,0;8,91;0,09;0,0;0,0;0,0;0,0;0,0;4449363,51;0,0;49439,28;47462,18;0,0;56,85;51,64;
1971;1971;9,05;1560,87;0,1;5,8;5,8;0,0;0,0;0,0;0,0;0,0;3,25;4430481,68;66758,78;49437,82;-18881,84;0,0;56,85;51,64;
1972;1972;9,19;1977,1;0,06;3,68;3,68;0,0;0,0;0,0;0,0;0,0;5,51;4364753,31;113187,61;49436,35;-65728,37;0,0;56,85;51,64;
1973;1973;9,46;3017,68;0,03;1,43;1,43;0,0;0,04;2,2;2,2;0,0;5,82;4291508,34;119662,16;49434,88;-73244,97;0,0;56,85;51,64;
1974;1974;10,83;5775,22;0,0;0,0;0,0;0,0;0,16;8,27;8,27;0,0;2,56;4282510,39;52656,14;49433,41;-8997,95;0,0;56,85;51,64;
1975;1975;11,93;7180,01;0,0;0,0;0,0;0,0;0,29;14,74;11,93;2,81;0,0;4324762,33;0,0;49431,94;42251,94;0,0;56,85;51,64;
1976;1976;12,06;7544,21;0,0;0,0;0,0;0,0;0,39;20,07;12,06;8,01;0,0;4366648,59;0,0;49430,47;41886,27;0,0;56,85;51,64;
1977;1977;12,06;7023,92;0,0;0,0;0,0;0,0;0,44;22,65;12,06;10,59;0,0;4409053,68;0,0;49429,01;42405,09;0,0;56,85;51,64;
1978;1978;11,38;5983,34;0,0;0,0;0,0;0,0;0,5;25,67;11,38;14,29;0,0;4452497,88;0,0;49427,54;43444,2;0,0;56,85;51,64;
1979;1979;11,65;5358,99;0,03;1,7;0,0;1,7;0,5;25,78;11,65;14,13;0,0;4496564,96;0,0;49426,07;44067,08;0,0;56,85;51,64;
1980;1980;12,2;5150,87;0,03;1,7;0,0;1,7;0,44;22,52;12,2;10,32;0,0;4540838,69;0,0;49424,6;44273,73;0,0;56,85;51,64;
1981;1981;12,2;5098,84;0,0;0,0;0,0;0,0;0,35;18,19;12,2;5,99;0,0;4585162,98;0,0;49423,13;44324,29;0,0;56,85;51,64;
1982;1982;11,79;5046,82;0,0;0,0;0,0;0,0;0,25;12,76;11,79;0,97;0,0;4629537,83;0,0;49421,66;44374,85;0,0;56,85;51,64;
1983;1983;10,97;4994,79;0,08;4,53;4,36;0,17;0,13;6,61;6,61;0,0;0,0;4673963,24;0,0;49420,2;44425,41;0,0;56,85;51,64;
1984;1984;11,38;5463,05;0,23;12,98;11,38;1,6;0,03;1,5;0,0;1,5;0,0;4717918,92;0,0;49418,73;43955,68;0,0;56,85;51,64;
1985;1985;12,61;6243,48;0,47;26,85;12,61;14,24;0,0;0,0;0,0;0,0;0,0;4761092,69;0,0;49417,26;43173,78;0,0;56,85;51,64;
